idx_tedx,mail_user,vote,date,time
4adc9fee977fa04c357ed4c9b52aa3cc,wsautter0@nifty.com,3,2019-08-03,2:30:18
fe612cc9179e038f97816fce891022a6,ephillot1@nytimes.com,5,2019-11-14,4:36:56
fe612cc9179e038f97816fce891022a6,ajohnys2@vk.com,4,2020-05-11,15:28:40
59c641a72b495d522a7932145d6c02b3,jarsmith3@purevolume.com,2,2019-07-02,13:09:15
6e67b6ad4cc6b420fe86fb975925fb32,cvaughanhughes4@vk.com,4,2020-02-27,5:19:33
2b48856a1e68b1deaae63aa0eea7b7e9,lcassely5@nymag.com,5,2020-05-22,10:09:45
c593d7fd658f9ff5bc0c1aee2e9c917e,egeorgelin6@about.me,3,2020-03-09,18:30:00
59c641a72b495d522a7932145d6c02b3,joliddy7@bandcamp.com,2,2019-10-12,21:33:09
fe612cc9179e038f97816fce891022a6,ljohnsson8@fema.gov,4,2019-11-03,18:34:32
9d3f203c5a8a124ec5a1b21fe3ad1842,cverryan9@tamu.edu,1,2019-06-12,16:27:20
0cdccbb0c544e4909e1b4716f52f2280,frowaszkiewicza@usa.gov,3,2020-01-20,21:39:55
d227f2faf6ec185e54436d86463f499b,amatthiesenb@vkontakte.ru,5,2019-07-26,11:49:21
d227f2faf6ec185e54436d86463f499b,kmalcolmc@scientificamerican.com,1,2019-09-26,21:14:59
50e3e579db0eef68a893b76b8199cf81,rheinekingd@aol.com,4,2019-10-08,13:08:37
09704782c2fd58e9198a4cc8f04e30d0,sgazzarde@cmu.edu,5,2020-04-04,15:39:44
fa2133f1e5a865a5a5044777824fe147,eblinckhornef@bandcamp.com,1,2019-08-08,0:43:37
09704782c2fd58e9198a4cc8f04e30d0,pmapisg@storify.com,3,2019-10-21,20:50:39
f5ae6143fa79ba55deb5e9e720b4c681,wwelbrockh@mlb.com,1,2019-07-03,12:48:10
f5ae6143fa79ba55deb5e9e720b4c681,pattlei@ustream.tv,4,2019-07-25,17:22:44
586938c5a53d9b916498a893248a5da3,sskaifej@microsoft.com,5,2019-06-27,2:28:32
4adc9fee977fa04c357ed4c9b52aa3cc,kgaydenk@photobucket.com,2,2019-09-12,4:09:36
fa2133f1e5a865a5a5044777824fe147,vsilkstonl@foxnews.com,3,2019-05-27,5:45:05
f5ae6143fa79ba55deb5e9e720b4c681,avowdonm@globo.com,4,2020-03-13,19:17:37
5be32167a2dcc08470287a6029b7e4c5,mfoulksn@opensource.org,3,2020-01-26,0:58:11
c8a830e0143916293557b7276958ac48,praccioo@bluehost.com,1,2020-01-19,1:04:57
6e67b6ad4cc6b420fe86fb975925fb32,mdimblebyp@nasa.gov,3,2020-01-06,4:46:37
5be32167a2dcc08470287a6029b7e4c5,pamesburyq@youtube.com,3,2019-12-30,6:38:21
d227f2faf6ec185e54436d86463f499b,wclementsonr@indiegogo.com,4,2020-05-16,8:05:28
c593d7fd658f9ff5bc0c1aee2e9c917e,gsorbys@rambler.ru,4,2019-10-11,12:42:23
6e67b6ad4cc6b420fe86fb975925fb32,sfifet@usa.gov,1,2019-06-07,5:15:56
c8a830e0143916293557b7276958ac48,dsalamonu@youtube.com,3,2020-03-20,1:30:41
d564abb00bb146ff75c7ed2d9b48aadc,eschnitterv@aol.com,5,2019-12-26,0:18:34
c8a830e0143916293557b7276958ac48,lgrimshaww@discovery.com,1,2019-07-09,23:26:46
6e67b6ad4cc6b420fe86fb975925fb32,zsomnerx@sourceforge.net,4,2020-03-29,9:02:47
50e3e579db0eef68a893b76b8199cf81,cdeussy@bravesites.com,1,2019-12-31,10:47:58
4adc9fee977fa04c357ed4c9b52aa3cc,gklaasz@jugem.jp,2,2019-09-09,2:32:00
fa2133f1e5a865a5a5044777824fe147,gaizikov10@ibm.com,4,2020-02-09,9:23:18
09704782c2fd58e9198a4cc8f04e30d0,gossipenko11@amazon.com,4,2019-07-31,6:39:20
6e67b6ad4cc6b420fe86fb975925fb32,bmasson12@discovery.com,1,2019-12-05,2:47:20
5be32167a2dcc08470287a6029b7e4c5,gfairfoot13@dropbox.com,5,2019-09-13,10:44:42
586938c5a53d9b916498a893248a5da3,anapton14@t.co,3,2019-10-08,13:39:24
8c1fad5ce0dab8908dee527f88697ce2,aathelstan15@ustream.tv,4,2020-02-10,8:59:20
9d3f203c5a8a124ec5a1b21fe3ad1842,cclunie16@hc360.com,4,2019-09-24,21:35:25
59c641a72b495d522a7932145d6c02b3,dpelman17@cargocollective.com,4,2019-11-02,17:07:27
0cdccbb0c544e4909e1b4716f52f2280,cskettles18@tinyurl.com,2,2019-08-01,11:10:39
fa2133f1e5a865a5a5044777824fe147,lcoger19@github.com,4,2020-03-30,4:18:59
4adc9fee977fa04c357ed4c9b52aa3cc,tarrell1a@vimeo.com,4,2019-09-30,17:09:45
6e67b6ad4cc6b420fe86fb975925fb32,hparadise1b@businessinsider.com,4,2019-09-19,11:16:11
4adc9fee977fa04c357ed4c9b52aa3cc,rguillerman1c@lulu.com,1,2019-10-06,2:51:55
6e67b6ad4cc6b420fe86fb975925fb32,smacgille1d@cmu.edu,3,2020-01-27,12:09:34
2b48856a1e68b1deaae63aa0eea7b7e9,ccarnduff1e@360.cn,4,2020-02-14,0:50:09
9d3f203c5a8a124ec5a1b21fe3ad1842,cblunt1f@de.vu,2,2019-10-06,8:32:20
9d3f203c5a8a124ec5a1b21fe3ad1842,hdelias1g@163.com,5,2019-12-11,18:52:53
8d2005ec35280deb6a438dc87b225f89,fsellars1h@dagondesign.com,1,2019-10-08,17:28:45
0cdccbb0c544e4909e1b4716f52f2280,gpringer1i@smh.com.au,3,2019-08-14,13:53:47
c8a830e0143916293557b7276958ac48,dtitchener1j@xing.com,2,2019-07-17,15:54:01
5be32167a2dcc08470287a6029b7e4c5,vfloyde1k@naver.com,1,2019-05-29,11:20:56
4adc9fee977fa04c357ed4c9b52aa3cc,lheadings1l@europa.eu,5,2019-07-15,16:11:13
d564abb00bb146ff75c7ed2d9b48aadc,lschottli1m@virginia.edu,5,2019-09-13,5:17:21
c8a830e0143916293557b7276958ac48,gharrold1n@reuters.com,1,2019-06-26,1:57:38
4adc9fee977fa04c357ed4c9b52aa3cc,gjoiris1o@friendfeed.com,3,2019-11-29,20:41:52
09704782c2fd58e9198a4cc8f04e30d0,nhauxwell1p@amazonaws.com,1,2019-07-04,6:00:01
50e3e579db0eef68a893b76b8199cf81,mbarnewelle1q@mayoclinic.com,5,2019-12-29,6:13:05
9d3f203c5a8a124ec5a1b21fe3ad1842,arau1r@jiathis.com,3,2019-10-08,7:40:47
8d2005ec35280deb6a438dc87b225f89,iharkus1s@csmonitor.com,3,2020-02-15,13:03:21
8d2005ec35280deb6a438dc87b225f89,rnoury1t@photobucket.com,5,2019-11-29,12:37:47
fe612cc9179e038f97816fce891022a6,mcarbett1u@flickr.com,2,2019-10-09,21:10:12
8c1fad5ce0dab8908dee527f88697ce2,oleteve1v@i2i.jp,1,2019-11-30,22:59:32
59c641a72b495d522a7932145d6c02b3,ulamshead1w@comcast.net,3,2019-11-28,21:32:47
59c641a72b495d522a7932145d6c02b3,belderkin1x@washington.edu,1,2019-07-08,6:33:35
d564abb00bb146ff75c7ed2d9b48aadc,zlinning1y@reddit.com,4,2020-03-21,0:58:34
d227f2faf6ec185e54436d86463f499b,draylton1z@uiuc.edu,5,2019-06-24,12:33:06
f5ae6143fa79ba55deb5e9e720b4c681,ekerkham20@devhub.com,4,2019-11-10,19:58:12
59c641a72b495d522a7932145d6c02b3,jmcareavey21@omniture.com,5,2019-09-06,3:24:14
59c641a72b495d522a7932145d6c02b3,curidge22@nature.com,4,2019-07-10,0:40:25
50e3e579db0eef68a893b76b8199cf81,rebbers23@pagesperso-orange.fr,3,2019-10-20,20:04:32
4adc9fee977fa04c357ed4c9b52aa3cc,dmcilheran24@mysql.com,4,2020-03-26,15:49:02
50e3e579db0eef68a893b76b8199cf81,kdenisyuk25@hubpages.com,5,2019-12-14,18:23:12
59c641a72b495d522a7932145d6c02b3,brentalll26@eventbrite.com,3,2020-02-19,3:00:54
0cdccbb0c544e4909e1b4716f52f2280,mgarmston27@drupal.org,1,2020-04-09,5:56:53
6e67b6ad4cc6b420fe86fb975925fb32,ewholesworth28@usda.gov,1,2019-08-18,21:38:02
2b48856a1e68b1deaae63aa0eea7b7e9,mmarin29@cdc.gov,4,2019-09-05,19:58:31
2b48856a1e68b1deaae63aa0eea7b7e9,pfarrand2a@fotki.com,5,2020-04-05,11:43:18
0cdccbb0c544e4909e1b4716f52f2280,aalyokhin2b@census.gov,5,2019-06-11,9:37:47
9d3f203c5a8a124ec5a1b21fe3ad1842,rimloch2c@theglobeandmail.com,4,2020-01-25,2:03:34
f5ae6143fa79ba55deb5e9e720b4c681,krodinger2d@stanford.edu,2,2019-08-07,10:09:07
fe612cc9179e038f97816fce891022a6,bruusa2e@twitpic.com,4,2019-06-18,2:41:03
4adc9fee977fa04c357ed4c9b52aa3cc,gaxelbee2f@admin.ch,2,2019-09-16,9:07:53
4adc9fee977fa04c357ed4c9b52aa3cc,hdickman2g@cnet.com,2,2020-05-13,4:41:18
c593d7fd658f9ff5bc0c1aee2e9c917e,tclausewitz2h@sciencedaily.com,2,2019-12-31,22:44:19
c593d7fd658f9ff5bc0c1aee2e9c917e,ttideswell2i@google.com.hk,4,2019-11-29,12:33:29
f5ae6143fa79ba55deb5e9e720b4c681,mdebold2j@spotify.com,4,2019-08-10,15:50:21
c593d7fd658f9ff5bc0c1aee2e9c917e,sceschi2k@sakura.ne.jp,4,2020-04-22,14:07:09
fe612cc9179e038f97816fce891022a6,atoward2l@imageshack.us,3,2020-04-29,4:28:01
d227f2faf6ec185e54436d86463f499b,nlandis2m@qq.com,2,2019-08-02,1:28:53
b3072cd11f40eb57fd259555264476c6,cmulhill2n@deviantart.com,2,2019-12-14,16:05:12
4adc9fee977fa04c357ed4c9b52aa3cc,lpetters2o@nature.com,1,2020-05-01,4:16:24
f5ae6143fa79ba55deb5e9e720b4c681,rnuss2p@infoseek.co.jp,4,2019-09-11,17:55:18
0cdccbb0c544e4909e1b4716f52f2280,ckelcher2q@ustream.tv,4,2019-07-24,7:31:05
09704782c2fd58e9198a4cc8f04e30d0,rsambles2r@pbs.org,4,2020-05-21,9:31:29
8d2005ec35280deb6a438dc87b225f89,bklaussen2s@ustream.tv,5,2020-05-22,11:52:07
6e67b6ad4cc6b420fe86fb975925fb32,uduinbleton2t@deviantart.com,3,2020-03-25,20:40:29
fe612cc9179e038f97816fce891022a6,wlimbert2u@yahoo.com,5,2020-01-09,17:49:59
8d2005ec35280deb6a438dc87b225f89,bleversha2v@goo.gl,4,2019-06-15,19:50:17
f5ae6143fa79ba55deb5e9e720b4c681,ileverton2w@bigcartel.com,3,2019-09-20,6:50:30
586938c5a53d9b916498a893248a5da3,cglavis2x@bloglovin.com,2,2019-06-22,6:23:36
8d2005ec35280deb6a438dc87b225f89,mungaretti2y@shareasale.com,4,2019-06-10,23:26:21
8c1fad5ce0dab8908dee527f88697ce2,hsell2z@zdnet.com,1,2019-06-21,19:17:16
c8a830e0143916293557b7276958ac48,fburnes30@yellowbook.com,3,2020-03-12,7:49:46
4adc9fee977fa04c357ed4c9b52aa3cc,fpavlenko31@slideshare.net,1,2019-08-18,19:36:09
8c1fad5ce0dab8908dee527f88697ce2,lskotcher32@rakuten.co.jp,3,2020-05-13,14:10:41
d227f2faf6ec185e54436d86463f499b,nslane33@vimeo.com,4,2019-07-09,8:14:29
0cdccbb0c544e4909e1b4716f52f2280,mmunnion34@nyu.edu,5,2019-09-12,8:54:57
d564abb00bb146ff75c7ed2d9b48aadc,hhabert35@dropbox.com,5,2019-10-07,17:50:59
fe612cc9179e038f97816fce891022a6,obroadstock36@samsung.com,4,2019-11-17,13:48:17
d564abb00bb146ff75c7ed2d9b48aadc,fscobie37@narod.ru,3,2020-03-22,10:36:37
6e67b6ad4cc6b420fe86fb975925fb32,ewallman38@usgs.gov,2,2020-04-20,14:31:51
4adc9fee977fa04c357ed4c9b52aa3cc,ablackbourn39@furl.net,1,2019-08-19,15:10:49
59c641a72b495d522a7932145d6c02b3,ewitherby3a@e-recht24.de,5,2019-08-03,2:55:03
2b48856a1e68b1deaae63aa0eea7b7e9,baldous3b@howstuffworks.com,3,2019-08-24,19:44:30
8c1fad5ce0dab8908dee527f88697ce2,mpeagrim3c@kickstarter.com,3,2019-06-14,21:10:31
8c1fad5ce0dab8908dee527f88697ce2,jleyre3d@pinterest.com,1,2019-08-30,23:45:04
59c641a72b495d522a7932145d6c02b3,bmoneti3e@nsw.gov.au,2,2019-08-21,16:11:16
09704782c2fd58e9198a4cc8f04e30d0,posan3f@vkontakte.ru,5,2019-07-24,9:31:47
f5ae6143fa79ba55deb5e9e720b4c681,hpasmore3g@pinterest.com,5,2019-10-27,11:26:03
c593d7fd658f9ff5bc0c1aee2e9c917e,vgazey3h@yelp.com,2,2020-03-17,11:30:32
0cdccbb0c544e4909e1b4716f52f2280,ykeemer3i@deliciousdays.com,1,2019-10-26,3:32:25
fa2133f1e5a865a5a5044777824fe147,zmowen3j@eepurl.com,4,2019-08-07,2:32:57
59c641a72b495d522a7932145d6c02b3,kbaldocci3k@sciencedirect.com,3,2020-02-28,14:28:37
2b48856a1e68b1deaae63aa0eea7b7e9,jspeachley3l@pen.io,4,2020-05-23,1:00:02
50e3e579db0eef68a893b76b8199cf81,cmoxom3m@webs.com,4,2020-03-20,17:16:58
8c1fad5ce0dab8908dee527f88697ce2,cgribble3n@mac.com,4,2019-09-28,16:26:22
4adc9fee977fa04c357ed4c9b52aa3cc,igiaomozzo3o@pinterest.com,5,2019-12-29,12:40:52
d564abb00bb146ff75c7ed2d9b48aadc,hcoronado3p@myspace.com,5,2020-02-25,22:53:39
2b48856a1e68b1deaae63aa0eea7b7e9,pwarkup3q@cafepress.com,2,2020-03-24,17:17:11
0cdccbb0c544e4909e1b4716f52f2280,ugavagan3r@cnbc.com,4,2020-04-19,4:32:08
5be32167a2dcc08470287a6029b7e4c5,rdemichetti3s@reuters.com,1,2020-03-25,21:19:21
09704782c2fd58e9198a4cc8f04e30d0,cmosedill3t@bloglovin.com,3,2019-10-29,15:44:32
fe612cc9179e038f97816fce891022a6,awike3u@ovh.net,1,2019-08-09,11:04:06
d564abb00bb146ff75c7ed2d9b48aadc,aselkirk3v@hugedomains.com,1,2020-01-23,21:30:44
c593d7fd658f9ff5bc0c1aee2e9c917e,wmcgeagh3w@google.it,4,2020-01-10,16:32:26
9d3f203c5a8a124ec5a1b21fe3ad1842,egeill3x@discovery.com,2,2019-12-14,2:41:01
9d3f203c5a8a124ec5a1b21fe3ad1842,scrabtree3y@intel.com,3,2020-04-25,14:52:37
4adc9fee977fa04c357ed4c9b52aa3cc,pskellon3z@istockphoto.com,1,2019-05-28,22:09:01
9d3f203c5a8a124ec5a1b21fe3ad1842,tkubala40@scientificamerican.com,1,2019-05-25,9:57:58
50e3e579db0eef68a893b76b8199cf81,edurning41@opensource.org,1,2019-08-07,11:21:25
d227f2faf6ec185e54436d86463f499b,pgorgler42@eventbrite.com,3,2019-10-12,12:12:12
8c1fad5ce0dab8908dee527f88697ce2,panthona43@naver.com,1,2020-05-02,6:36:00
fe612cc9179e038f97816fce891022a6,dleversha44@usnews.com,2,2019-08-27,15:42:33
fa2133f1e5a865a5a5044777824fe147,jville45@wiley.com,2,2019-11-24,6:06:35
9d3f203c5a8a124ec5a1b21fe3ad1842,cmacnulty46@google.co.uk,3,2019-06-08,3:45:15
8d2005ec35280deb6a438dc87b225f89,hbogaert47@phpbb.com,3,2019-07-10,2:27:14
586938c5a53d9b916498a893248a5da3,cmiell48@boston.com,3,2019-08-27,11:05:16
8c1fad5ce0dab8908dee527f88697ce2,rfyfield49@google.fr,4,2019-12-19,9:12:05
2b48856a1e68b1deaae63aa0eea7b7e9,mpadkin4a@pagesperso-orange.fr,3,2019-06-06,5:07:01
9d3f203c5a8a124ec5a1b21fe3ad1842,gcampanelli4b@uiuc.edu,2,2020-04-22,20:28:41
c593d7fd658f9ff5bc0c1aee2e9c917e,aruffy4c@dion.ne.jp,4,2019-07-13,4:44:13
4adc9fee977fa04c357ed4c9b52aa3cc,tmimmack4d@dagondesign.com,1,2019-07-15,13:25:02
50e3e579db0eef68a893b76b8199cf81,tgovier4e@google.ca,2,2019-07-13,14:04:28
c8a830e0143916293557b7276958ac48,dbrentnall4f@edublogs.org,4,2020-01-30,17:31:51
9d3f203c5a8a124ec5a1b21fe3ad1842,fbeddie4g@creativecommons.org,5,2019-12-09,21:58:50
6e67b6ad4cc6b420fe86fb975925fb32,ghatfull4h@washingtonpost.com,4,2020-05-16,21:56:37
d564abb00bb146ff75c7ed2d9b48aadc,bjanota4i@berkeley.edu,5,2019-07-05,17:48:08
9d3f203c5a8a124ec5a1b21fe3ad1842,cewols4j@ameblo.jp,4,2019-08-23,11:38:48
586938c5a53d9b916498a893248a5da3,mpoundesford4k@canalblog.com,2,2020-05-04,16:21:19
586938c5a53d9b916498a893248a5da3,ssonger4l@dmoz.org,1,2019-10-14,16:02:08
8c1fad5ce0dab8908dee527f88697ce2,fclerke4m@miitbeian.gov.cn,3,2019-06-27,6:40:35
5be32167a2dcc08470287a6029b7e4c5,bborit4n@umich.edu,3,2020-03-03,21:44:26
4adc9fee977fa04c357ed4c9b52aa3cc,khannibal4o@taobao.com,5,2019-07-04,22:25:16
09704782c2fd58e9198a4cc8f04e30d0,hchoules4p@dmoz.org,2,2020-04-11,11:35:43
c8a830e0143916293557b7276958ac48,rmaris4q@flickr.com,2,2019-09-16,11:55:04
fe612cc9179e038f97816fce891022a6,iprenty4r@businessinsider.com,5,2019-05-31,14:26:49
fa2133f1e5a865a5a5044777824fe147,tasple4s@sitemeter.com,5,2020-03-10,22:57:35
b3072cd11f40eb57fd259555264476c6,cwatkiss4t@cyberchimps.com,1,2020-01-22,0:24:07
0cdccbb0c544e4909e1b4716f52f2280,dpinckney4u@miitbeian.gov.cn,4,2019-09-06,19:31:41
6e67b6ad4cc6b420fe86fb975925fb32,byanyshev4v@marriott.com,1,2019-10-03,1:32:13
50e3e579db0eef68a893b76b8199cf81,dpurchall4w@ifeng.com,3,2019-08-11,14:43:28
f5ae6143fa79ba55deb5e9e720b4c681,emacghee4x@biglobe.ne.jp,3,2019-06-24,13:41:52
c8a830e0143916293557b7276958ac48,acrocroft4y@de.vu,1,2020-01-01,20:34:10
d564abb00bb146ff75c7ed2d9b48aadc,cdugget4z@auda.org.au,3,2019-12-14,6:32:57
c8a830e0143916293557b7276958ac48,eadair50@intel.com,3,2020-03-02,14:39:47
c593d7fd658f9ff5bc0c1aee2e9c917e,rpriestland51@senate.gov,5,2019-11-28,17:28:45
8d2005ec35280deb6a438dc87b225f89,bhaskell52@nba.com,5,2020-01-29,21:40:00
6e67b6ad4cc6b420fe86fb975925fb32,fwynne53@usa.gov,4,2019-11-04,2:08:37
fa2133f1e5a865a5a5044777824fe147,kaddionizio54@sina.com.cn,1,2020-04-15,3:25:56
8d2005ec35280deb6a438dc87b225f89,abuddle55@weibo.com,2,2019-08-14,1:58:27
50e3e579db0eef68a893b76b8199cf81,kbiasini56@senate.gov,2,2019-08-02,10:56:45
50e3e579db0eef68a893b76b8199cf81,tworgan57@webnode.com,4,2020-01-05,1:48:59
8d2005ec35280deb6a438dc87b225f89,hzannotelli58@hatena.ne.jp,1,2020-02-17,1:50:38
fa2133f1e5a865a5a5044777824fe147,tgrayshan59@purevolume.com,3,2019-10-07,16:42:35
0cdccbb0c544e4909e1b4716f52f2280,tsnoddon5a@is.gd,1,2019-09-10,6:52:23
8c1fad5ce0dab8908dee527f88697ce2,acurling5b@ning.com,4,2020-05-11,16:17:19
09704782c2fd58e9198a4cc8f04e30d0,aclancey5c@surveymonkey.com,1,2019-08-29,19:45:09
09704782c2fd58e9198a4cc8f04e30d0,nkerss5d@youtu.be,4,2020-02-29,18:43:24
f5ae6143fa79ba55deb5e9e720b4c681,sbasnett5e@dion.ne.jp,4,2019-12-04,18:26:45
c8a830e0143916293557b7276958ac48,wpostans5f@rakuten.co.jp,4,2019-12-25,19:14:28
9d3f203c5a8a124ec5a1b21fe3ad1842,cmaes5g@blogger.com,3,2019-07-05,17:25:51
59c641a72b495d522a7932145d6c02b3,hbrehaut5h@zdnet.com,5,2019-11-22,5:32:56
59c641a72b495d522a7932145d6c02b3,rwherton5i@mac.com,1,2019-12-26,18:01:20
fe612cc9179e038f97816fce891022a6,rpate5j@sina.com.cn,5,2019-10-02,17:41:32
d227f2faf6ec185e54436d86463f499b,pfeld5k@fotki.com,4,2019-08-11,4:46:07
8c1fad5ce0dab8908dee527f88697ce2,mtumbridge5l@barnesandnoble.com,5,2019-10-12,22:52:27
586938c5a53d9b916498a893248a5da3,mmorteo5m@java.com,5,2019-05-27,14:51:48
b3072cd11f40eb57fd259555264476c6,dmcelhargy5n@free.fr,2,2019-07-12,12:59:54
5be32167a2dcc08470287a6029b7e4c5,mbennike5o@sitemeter.com,5,2020-04-05,11:18:21
0cdccbb0c544e4909e1b4716f52f2280,nloveman5p@cloudflare.com,4,2020-02-08,1:13:06
fe612cc9179e038f97816fce891022a6,alahiff5q@shop-pro.jp,2,2019-11-24,16:32:51
2b48856a1e68b1deaae63aa0eea7b7e9,cchesser5r@github.com,3,2020-04-30,20:25:11
d227f2faf6ec185e54436d86463f499b,ddarrach5s@eventbrite.com,4,2019-05-28,22:44:24
8d2005ec35280deb6a438dc87b225f89,dcanelas5t@de.vu,3,2020-04-11,22:51:50
f5ae6143fa79ba55deb5e9e720b4c681,tvigus5u@virginia.edu,4,2020-04-21,10:29:19
5be32167a2dcc08470287a6029b7e4c5,mguillou5v@ycombinator.com,2,2019-11-10,5:22:11
b3072cd11f40eb57fd259555264476c6,ahow5w@wiley.com,3,2020-05-13,16:52:58
586938c5a53d9b916498a893248a5da3,jmanton5x@tripod.com,4,2019-11-06,12:57:53
586938c5a53d9b916498a893248a5da3,yhodcroft5y@gravatar.com,5,2019-08-11,21:09:34
0cdccbb0c544e4909e1b4716f52f2280,ywessel5z@miibeian.gov.cn,1,2020-01-21,16:53:53
c8a830e0143916293557b7276958ac48,acastelyn60@wsj.com,2,2020-03-23,4:39:52
9d3f203c5a8a124ec5a1b21fe3ad1842,etookey61@howstuffworks.com,4,2019-06-23,8:31:53
b3072cd11f40eb57fd259555264476c6,jlivard62@apache.org,1,2020-01-01,8:50:48
0cdccbb0c544e4909e1b4716f52f2280,lcerro63@nature.com,3,2019-07-23,8:40:40
8c1fad5ce0dab8908dee527f88697ce2,kdishman64@springer.com,5,2019-08-26,18:06:26
c593d7fd658f9ff5bc0c1aee2e9c917e,adommersen65@theguardian.com,2,2020-04-06,13:49:43
8c1fad5ce0dab8908dee527f88697ce2,doger66@soup.io,5,2019-11-03,2:10:01
2b48856a1e68b1deaae63aa0eea7b7e9,psherebrook67@sina.com.cn,3,2019-08-17,18:54:56
8c1fad5ce0dab8908dee527f88697ce2,abalcers68@howstuffworks.com,5,2019-12-24,18:44:34
586938c5a53d9b916498a893248a5da3,njiran69@va.gov,2,2019-12-09,9:14:07
5be32167a2dcc08470287a6029b7e4c5,askells6a@skype.com,2,2019-08-11,20:59:53
6e67b6ad4cc6b420fe86fb975925fb32,rbeattie6b@cargocollective.com,1,2019-09-25,9:27:26
59c641a72b495d522a7932145d6c02b3,nbees6c@alibaba.com,3,2019-09-09,13:44:20
fe612cc9179e038f97816fce891022a6,bmonelli6d@amazon.de,5,2019-08-29,3:34:46
b3072cd11f40eb57fd259555264476c6,rtomich6e@mozilla.com,4,2020-03-21,7:54:33
586938c5a53d9b916498a893248a5da3,lcawdron6f@reddit.com,3,2019-08-14,21:51:32
586938c5a53d9b916498a893248a5da3,fdebenedetti6g@ox.ac.uk,3,2019-12-24,1:50:39
d564abb00bb146ff75c7ed2d9b48aadc,lrobinett6h@ning.com,2,2019-12-26,10:54:58
fa2133f1e5a865a5a5044777824fe147,caudas6i@nydailynews.com,2,2019-06-28,13:28:51
0cdccbb0c544e4909e1b4716f52f2280,jotterwell6j@weebly.com,5,2019-12-10,4:06:05
d564abb00bb146ff75c7ed2d9b48aadc,mreicharz6k@jugem.jp,2,2019-12-22,8:21:33
09704782c2fd58e9198a4cc8f04e30d0,klawson6l@patch.com,5,2019-06-16,18:51:18
50e3e579db0eef68a893b76b8199cf81,oyegorkin6m@amazon.com,4,2019-07-03,9:25:42
fe612cc9179e038f97816fce891022a6,hnancekivell6n@addthis.com,2,2019-12-27,0:39:52
d227f2faf6ec185e54436d86463f499b,dhabberjam6o@hp.com,3,2020-01-21,22:05:36
09704782c2fd58e9198a4cc8f04e30d0,amcgeaney6p@printfriendly.com,1,2019-06-20,21:49:57
b3072cd11f40eb57fd259555264476c6,iupcraft6q@vinaora.com,4,2019-06-22,11:03:30
09704782c2fd58e9198a4cc8f04e30d0,eservante6r@themeforest.net,3,2019-07-25,14:38:43
586938c5a53d9b916498a893248a5da3,jgrunguer6s@fc2.com,5,2020-01-15,4:30:04
50e3e579db0eef68a893b76b8199cf81,hkopta6t@linkedin.com,3,2019-09-19,6:33:02
59c641a72b495d522a7932145d6c02b3,cpriest6u@oakley.com,1,2019-12-03,3:23:19
d564abb00bb146ff75c7ed2d9b48aadc,rweekley6v@zdnet.com,1,2019-12-28,20:18:16
5be32167a2dcc08470287a6029b7e4c5,lfreeman6w@gov.uk,5,2020-03-04,2:04:41
c8a830e0143916293557b7276958ac48,hghirigori6x@last.fm,1,2020-03-19,0:16:40
d564abb00bb146ff75c7ed2d9b48aadc,rpiddocke6y@sitemeter.com,2,2020-03-23,8:59:32
8d2005ec35280deb6a438dc87b225f89,mriddington6z@blog.com,2,2020-03-15,9:35:02
6e67b6ad4cc6b420fe86fb975925fb32,emaffey70@japanpost.jp,3,2020-03-31,2:39:03
fe612cc9179e038f97816fce891022a6,ltwiname71@issuu.com,1,2020-02-02,2:26:11
c593d7fd658f9ff5bc0c1aee2e9c917e,wdudeney72@epa.gov,3,2019-09-23,20:20:45
d564abb00bb146ff75c7ed2d9b48aadc,mevesque73@google.ru,5,2020-05-20,7:55:24
9d3f203c5a8a124ec5a1b21fe3ad1842,cmilmore74@springer.com,5,2019-07-11,18:23:25
d564abb00bb146ff75c7ed2d9b48aadc,nvictor75@altervista.org,5,2019-10-25,15:01:21
8c1fad5ce0dab8908dee527f88697ce2,ograybeal76@smugmug.com,5,2020-02-10,10:58:17
fa2133f1e5a865a5a5044777824fe147,okingsmill77@wix.com,3,2019-06-18,8:10:57
b3072cd11f40eb57fd259555264476c6,fregenhardt78@mlb.com,4,2020-05-22,6:28:42
b3072cd11f40eb57fd259555264476c6,fdittson79@wordpress.com,2,2019-06-07,14:03:05
4adc9fee977fa04c357ed4c9b52aa3cc,ewellard7a@artisteer.com,3,2020-04-13,5:14:52
fa2133f1e5a865a5a5044777824fe147,alearmonth7b@google.pl,2,2019-12-29,9:53:27
09704782c2fd58e9198a4cc8f04e30d0,gpavier7c@patch.com,2,2020-02-14,11:26:34
c8a830e0143916293557b7276958ac48,nsponder7d@biglobe.ne.jp,1,2020-03-19,13:21:20
d564abb00bb146ff75c7ed2d9b48aadc,afiney7e@sphinn.com,2,2020-02-27,3:38:54
c8a830e0143916293557b7276958ac48,mscutchings7f@yahoo.co.jp,5,2019-12-24,0:41:16
59c641a72b495d522a7932145d6c02b3,mheining7g@github.com,3,2019-08-26,12:47:04
d227f2faf6ec185e54436d86463f499b,bklulik7h@walmart.com,4,2019-06-02,13:14:01
8d2005ec35280deb6a438dc87b225f89,dbraunle7i@jimdo.com,3,2020-03-06,8:03:13
8d2005ec35280deb6a438dc87b225f89,rstanistrete7j@mail.ru,3,2019-05-31,3:53:32
b3072cd11f40eb57fd259555264476c6,aivison7k@baidu.com,1,2019-10-16,22:26:31
8c1fad5ce0dab8908dee527f88697ce2,drenowden7l@com.com,5,2019-07-09,15:49:23
fe612cc9179e038f97816fce891022a6,bvernazza7m@scribd.com,3,2019-06-19,22:59:18
8c1fad5ce0dab8908dee527f88697ce2,goherlihy7n@google.fr,3,2019-08-24,18:25:20
50e3e579db0eef68a893b76b8199cf81,weldritt7o@bizjournals.com,5,2020-03-31,18:39:41
6e67b6ad4cc6b420fe86fb975925fb32,tgianinotti7p@gov.uk,4,2019-06-05,23:14:17
586938c5a53d9b916498a893248a5da3,schampagne7q@jiathis.com,3,2019-06-06,11:55:24
5be32167a2dcc08470287a6029b7e4c5,bnoble7r@ucoz.com,1,2019-12-11,13:09:48
4adc9fee977fa04c357ed4c9b52aa3cc,ahannabuss7s@toplist.cz,1,2019-10-25,5:27:03
8c1fad5ce0dab8908dee527f88697ce2,gfrancescoccio7t@cocolog-nifty.com,4,2020-03-04,23:25:01
586938c5a53d9b916498a893248a5da3,vkimbly7u@oakley.com,2,2020-03-17,0:02:11
2b48856a1e68b1deaae63aa0eea7b7e9,asantino7v@dot.gov,4,2020-01-05,3:31:52
2b48856a1e68b1deaae63aa0eea7b7e9,cdevanney7w@tiny.cc,5,2020-02-17,13:43:49
9d3f203c5a8a124ec5a1b21fe3ad1842,wtregunna7x@hexun.com,1,2019-12-06,4:12:52
4adc9fee977fa04c357ed4c9b52aa3cc,ccolson7y@yolasite.com,4,2019-10-14,10:38:41
0cdccbb0c544e4909e1b4716f52f2280,cverdy7z@cloudflare.com,4,2019-11-11,13:00:05
09704782c2fd58e9198a4cc8f04e30d0,shodge80@narod.ru,2,2020-05-01,4:57:42
9d3f203c5a8a124ec5a1b21fe3ad1842,phenaughan81@samsung.com,3,2020-04-15,21:41:56
9d3f203c5a8a124ec5a1b21fe3ad1842,bsawter82@ameblo.jp,2,2020-04-23,9:02:36
59c641a72b495d522a7932145d6c02b3,djorgesen83@mayoclinic.com,4,2019-12-22,3:41:35
09704782c2fd58e9198a4cc8f04e30d0,ncottingham84@jiathis.com,2,2019-11-30,12:32:31
8d2005ec35280deb6a438dc87b225f89,wvicarey85@google.com,4,2019-09-16,9:23:36
9d3f203c5a8a124ec5a1b21fe3ad1842,zbeeble86@netlog.com,1,2019-11-19,15:25:24
f5ae6143fa79ba55deb5e9e720b4c681,adenison87@cornell.edu,3,2019-07-22,11:15:11
50e3e579db0eef68a893b76b8199cf81,bdemars88@boston.com,2,2020-02-02,8:28:31
f5ae6143fa79ba55deb5e9e720b4c681,ddevillier89@unc.edu,3,2019-10-16,9:52:03
c593d7fd658f9ff5bc0c1aee2e9c917e,gbaldin8a@twitter.com,4,2019-07-03,19:28:31
09704782c2fd58e9198a4cc8f04e30d0,dkelby8b@wsj.com,1,2020-02-29,7:39:46
6e67b6ad4cc6b420fe86fb975925fb32,aprator8c@freewebs.com,3,2019-07-01,0:27:47
d564abb00bb146ff75c7ed2d9b48aadc,mcolliford8d@posterous.com,5,2019-11-02,10:37:58
c593d7fd658f9ff5bc0c1aee2e9c917e,akinson8e@cornell.edu,3,2019-06-14,16:48:05
fa2133f1e5a865a5a5044777824fe147,crentoll8f@de.vu,2,2019-12-10,20:24:09
fa2133f1e5a865a5a5044777824fe147,callin8g@newyorker.com,3,2020-01-09,1:19:36
c8a830e0143916293557b7276958ac48,kpietrowicz8h@vistaprint.com,5,2019-11-09,3:15:14
d564abb00bb146ff75c7ed2d9b48aadc,tgotcliffe8i@tmall.com,5,2020-03-30,22:13:53
8d2005ec35280deb6a438dc87b225f89,sdurante8j@redcross.org,5,2019-05-31,2:59:11
0cdccbb0c544e4909e1b4716f52f2280,uarch8k@multiply.com,2,2019-11-09,21:59:10
2b48856a1e68b1deaae63aa0eea7b7e9,rburg8l@yolasite.com,5,2019-06-26,17:03:19
f5ae6143fa79ba55deb5e9e720b4c681,malgie8m@washington.edu,1,2019-12-25,15:59:27
fe612cc9179e038f97816fce891022a6,eburdoun8n@google.co.jp,3,2019-09-10,18:12:16
9d3f203c5a8a124ec5a1b21fe3ad1842,hwhyke8o@facebook.com,4,2019-08-23,13:32:27
586938c5a53d9b916498a893248a5da3,wannell8p@cdc.gov,4,2019-07-28,8:23:35
0cdccbb0c544e4909e1b4716f52f2280,fsemaine8q@spotify.com,4,2019-12-22,11:59:58
8d2005ec35280deb6a438dc87b225f89,ebrecknell8r@reference.com,4,2019-06-23,9:39:29
c8a830e0143916293557b7276958ac48,mcamfield8s@cdc.gov,2,2019-12-23,15:24:51
59c641a72b495d522a7932145d6c02b3,amatys8t@zdnet.com,3,2020-03-30,19:30:56
8c1fad5ce0dab8908dee527f88697ce2,dmclemon8u@bravesites.com,5,2020-01-23,21:01:31
4adc9fee977fa04c357ed4c9b52aa3cc,smcclymont8v@nationalgeographic.com,1,2019-12-21,1:04:18
59c641a72b495d522a7932145d6c02b3,pellam8w@diigo.com,4,2019-09-29,0:23:13
50e3e579db0eef68a893b76b8199cf81,rranscome8x@smugmug.com,2,2020-01-13,19:16:43
5be32167a2dcc08470287a6029b7e4c5,cdiddams8y@oaic.gov.au,4,2019-05-31,6:28:18
59c641a72b495d522a7932145d6c02b3,lcheal8z@mit.edu,2,2020-04-17,2:34:04
2b48856a1e68b1deaae63aa0eea7b7e9,gqueenborough90@yolasite.com,5,2019-06-21,23:56:19
d227f2faf6ec185e54436d86463f499b,csonner91@sogou.com,2,2019-06-24,23:31:49
586938c5a53d9b916498a893248a5da3,hliepina92@redcross.org,4,2019-11-20,2:15:17
d227f2faf6ec185e54436d86463f499b,aoxe93@wix.com,5,2020-01-01,4:12:11
b3072cd11f40eb57fd259555264476c6,kmaddy94@tripod.com,3,2020-02-15,10:40:12
5be32167a2dcc08470287a6029b7e4c5,rbewlay95@businesswire.com,5,2019-09-07,7:42:53
8d2005ec35280deb6a438dc87b225f89,rkupis96@nationalgeographic.com,2,2019-07-22,8:38:23
5be32167a2dcc08470287a6029b7e4c5,dclunan97@mozilla.com,4,2020-01-28,5:09:24
59c641a72b495d522a7932145d6c02b3,clangford98@unblog.fr,1,2019-07-06,18:28:44
d227f2faf6ec185e54436d86463f499b,kbeardwood99@slashdot.org,5,2019-09-24,12:32:33
2b48856a1e68b1deaae63aa0eea7b7e9,mgrosvener9a@sogou.com,2,2020-01-06,10:15:14
f5ae6143fa79ba55deb5e9e720b4c681,claviss9b@discuz.net,3,2020-03-22,8:59:14
d227f2faf6ec185e54436d86463f499b,ccashen9c@goo.gl,2,2019-10-06,10:55:33
4adc9fee977fa04c357ed4c9b52aa3cc,vpennuzzi9d@un.org,5,2019-12-02,13:46:33
6e67b6ad4cc6b420fe86fb975925fb32,dgrahamslaw9e@mashable.com,4,2020-02-06,20:07:17
09704782c2fd58e9198a4cc8f04e30d0,mkesby9f@sitemeter.com,3,2019-08-31,11:08:30
9d3f203c5a8a124ec5a1b21fe3ad1842,cnassy9g@theatlantic.com,5,2020-02-19,8:05:57
8c1fad5ce0dab8908dee527f88697ce2,kbloodworth9h@berkeley.edu,4,2019-06-14,11:53:46
8d2005ec35280deb6a438dc87b225f89,vsigne9i@psu.edu,1,2020-05-08,13:33:24
c8a830e0143916293557b7276958ac48,gbrunicke9j@blinklist.com,5,2020-02-20,23:23:25
9d3f203c5a8a124ec5a1b21fe3ad1842,olantiff9k@globo.com,1,2020-03-28,6:15:13
c593d7fd658f9ff5bc0c1aee2e9c917e,kwilley9l@friendfeed.com,5,2019-06-10,6:06:19
b3072cd11f40eb57fd259555264476c6,tmcmichan9m@wordpress.com,1,2020-05-14,18:34:48
d227f2faf6ec185e54436d86463f499b,wstoodley9n@soundcloud.com,5,2019-10-13,21:01:18
586938c5a53d9b916498a893248a5da3,rgerritzen9o@goo.ne.jp,4,2019-07-13,14:09:50
d227f2faf6ec185e54436d86463f499b,kvynehall9p@domainmarket.com,1,2019-07-01,12:34:17
5be32167a2dcc08470287a6029b7e4c5,rreiners9q@vk.com,1,2019-05-30,4:37:45
586938c5a53d9b916498a893248a5da3,ddunbobbin9r@oracle.com,5,2019-08-21,23:13:14
d564abb00bb146ff75c7ed2d9b48aadc,jpiggins9s@opensource.org,2,2019-12-30,18:39:15
d564abb00bb146ff75c7ed2d9b48aadc,igoosnell9t@goo.gl,4,2019-12-09,19:33:33
fa2133f1e5a865a5a5044777824fe147,bmenichillo9u@surveymonkey.com,3,2019-08-03,21:55:16
5be32167a2dcc08470287a6029b7e4c5,jhalton9v@dell.com,1,2020-01-24,18:10:12
fe612cc9179e038f97816fce891022a6,cjanouch9w@google.nl,2,2020-03-04,16:05:14
8c1fad5ce0dab8908dee527f88697ce2,gkittley9x@jugem.jp,4,2019-11-19,1:40:29
6e67b6ad4cc6b420fe86fb975925fb32,dcheverell9y@home.pl,3,2020-03-14,1:41:54
09704782c2fd58e9198a4cc8f04e30d0,jhegg9z@networksolutions.com,2,2019-06-09,16:13:54
9d3f203c5a8a124ec5a1b21fe3ad1842,abennallcka0@foxnews.com,2,2019-12-07,1:56:19
c593d7fd658f9ff5bc0c1aee2e9c917e,dclawleya1@china.com.cn,2,2019-11-14,7:06:41
0cdccbb0c544e4909e1b4716f52f2280,sjammea2@sogou.com,5,2020-02-23,14:23:56
c8a830e0143916293557b7276958ac48,jkimburya3@wikia.com,1,2019-06-08,18:01:30
9d3f203c5a8a124ec5a1b21fe3ad1842,mmccraya4@com.com,4,2019-10-17,2:00:19
0cdccbb0c544e4909e1b4716f52f2280,econgrevea5@about.me,4,2020-04-10,22:02:33
0cdccbb0c544e4909e1b4716f52f2280,mdinnegesa6@whitehouse.gov,3,2020-02-03,5:02:43
09704782c2fd58e9198a4cc8f04e30d0,tcronshawa7@va.gov,5,2019-11-25,5:25:56
fe612cc9179e038f97816fce891022a6,halgatea8@moonfruit.com,1,2019-11-20,14:07:02
586938c5a53d9b916498a893248a5da3,vcrokea9@yolasite.com,3,2019-10-20,2:30:03
59c641a72b495d522a7932145d6c02b3,lburtaa@linkedin.com,1,2019-11-30,15:49:43
586938c5a53d9b916498a893248a5da3,pdelgardilloab@smugmug.com,1,2020-03-21,22:40:30
0cdccbb0c544e4909e1b4716f52f2280,clilionac@webs.com,2,2019-12-28,23:10:46
59c641a72b495d522a7932145d6c02b3,jpetrukad@over-blog.com,4,2019-08-25,9:12:27
d564abb00bb146ff75c7ed2d9b48aadc,ftidswellae@ihg.com,3,2019-12-02,21:32:06
6e67b6ad4cc6b420fe86fb975925fb32,edaudrayaf@netvibes.com,2,2019-12-01,4:15:06
2b48856a1e68b1deaae63aa0eea7b7e9,yhargittag@un.org,4,2019-09-07,7:32:25
b3072cd11f40eb57fd259555264476c6,cnailah@businesswire.com,3,2020-01-15,8:13:42
8d2005ec35280deb6a438dc87b225f89,vswayneai@craigslist.org,1,2019-06-17,2:32:28
f5ae6143fa79ba55deb5e9e720b4c681,rpopplestonaj@studiopress.com,2,2019-11-28,16:18:41
5be32167a2dcc08470287a6029b7e4c5,hglasscooak@cafepress.com,1,2019-05-31,17:23:32
d564abb00bb146ff75c7ed2d9b48aadc,vgrishmanoval@blinklist.com,5,2020-02-02,0:48:21
f5ae6143fa79ba55deb5e9e720b4c681,fbarwisam@parallels.com,5,2019-08-13,14:50:27
6e67b6ad4cc6b420fe86fb975925fb32,nscudamorean@independent.co.uk,1,2019-07-09,5:37:47
b3072cd11f40eb57fd259555264476c6,eseabrookao@amazon.co.uk,2,2019-09-16,4:10:20
09704782c2fd58e9198a4cc8f04e30d0,tmordecaiap@blogs.com,3,2019-07-03,15:56:22
f5ae6143fa79ba55deb5e9e720b4c681,dnapolioneaq@ihg.com,3,2019-11-25,3:34:29
50e3e579db0eef68a893b76b8199cf81,lolennanear@issuu.com,4,2020-05-04,17:59:23
fe612cc9179e038f97816fce891022a6,pjoyntas@bandcamp.com,3,2019-07-18,8:56:41
fa2133f1e5a865a5a5044777824fe147,gmacbreartyat@nps.gov,5,2019-06-19,18:23:59
8d2005ec35280deb6a438dc87b225f89,tcoultonau@bloglovin.com,2,2020-05-12,4:57:28
9d3f203c5a8a124ec5a1b21fe3ad1842,ktomensonav@java.com,4,2019-06-26,17:42:26
09704782c2fd58e9198a4cc8f04e30d0,mcrosioaw@usgs.gov,2,2019-06-18,21:49:13
c593d7fd658f9ff5bc0c1aee2e9c917e,btrussloveax@weather.com,2,2020-05-14,21:26:47
d227f2faf6ec185e54436d86463f499b,dgaythwaiteay@zimbio.com,1,2019-12-08,22:34:05
5be32167a2dcc08470287a6029b7e4c5,ecattrellaz@google.es,2,2019-07-21,1:58:28
fe612cc9179e038f97816fce891022a6,ljudkinb0@com.com,5,2020-05-13,14:01:16
6e67b6ad4cc6b420fe86fb975925fb32,aharsumb1@php.net,1,2019-08-08,18:38:27
8c1fad5ce0dab8908dee527f88697ce2,acleoburyb2@smh.com.au,4,2020-03-04,2:35:52
fe612cc9179e038f97816fce891022a6,mdoftyb3@sohu.com,2,2019-12-10,11:24:04
59c641a72b495d522a7932145d6c02b3,bwaitingb4@scribd.com,4,2020-05-14,18:21:29
fa2133f1e5a865a5a5044777824fe147,bisworthb5@hubpages.com,3,2019-10-02,15:59:21
d564abb00bb146ff75c7ed2d9b48aadc,eildenb6@amazon.co.jp,2,2019-06-14,9:32:20
59c641a72b495d522a7932145d6c02b3,gisardb7@mapy.cz,3,2019-06-14,16:11:39
8c1fad5ce0dab8908dee527f88697ce2,mdecarlob8@cisco.com,3,2020-02-01,22:02:25
0cdccbb0c544e4909e1b4716f52f2280,ajenkinsonb9@eepurl.com,3,2019-06-27,5:06:37
b3072cd11f40eb57fd259555264476c6,rhalfacreeba@artisteer.com,1,2020-05-12,15:06:45
fe612cc9179e038f97816fce891022a6,nkobpabb@prnewswire.com,4,2019-12-04,14:48:20
c8a830e0143916293557b7276958ac48,tstrawbridgebc@netvibes.com,1,2019-08-17,19:23:31
b3072cd11f40eb57fd259555264476c6,wvernibd@drupal.org,1,2020-02-17,22:36:55
0cdccbb0c544e4909e1b4716f52f2280,rvaudreybe@fema.gov,3,2019-08-27,20:05:14
59c641a72b495d522a7932145d6c02b3,awilmotbf@uiuc.edu,3,2019-06-12,21:20:52
6e67b6ad4cc6b420fe86fb975925fb32,siscowitzbg@tmall.com,2,2020-04-08,13:11:08
8d2005ec35280deb6a438dc87b225f89,chakebh@last.fm,5,2019-06-30,23:37:06
09704782c2fd58e9198a4cc8f04e30d0,gothickbi@mayoclinic.com,1,2019-11-23,5:05:02
9d3f203c5a8a124ec5a1b21fe3ad1842,jvernallsbj@wordpress.org,5,2019-12-31,13:24:33
9d3f203c5a8a124ec5a1b21fe3ad1842,rfishlockbk@1688.com,3,2020-04-01,7:11:03
8c1fad5ce0dab8908dee527f88697ce2,kwhittockbl@behance.net,3,2019-06-11,2:14:44
9d3f203c5a8a124ec5a1b21fe3ad1842,kserrisbm@utexas.edu,4,2020-01-29,17:36:59
50e3e579db0eef68a893b76b8199cf81,jlawfullbn@sfgate.com,3,2020-04-07,17:53:18
d564abb00bb146ff75c7ed2d9b48aadc,gpowdrillbo@rambler.ru,5,2019-07-19,22:26:53
d227f2faf6ec185e54436d86463f499b,bffordebp@elegantthemes.com,2,2019-09-05,20:03:59
f5ae6143fa79ba55deb5e9e720b4c681,mdowsettbq@nba.com,1,2019-12-04,4:36:57
9d3f203c5a8a124ec5a1b21fe3ad1842,esealbr@ovh.net,3,2020-02-01,3:38:27
5be32167a2dcc08470287a6029b7e4c5,eblackmorebs@nba.com,1,2020-03-07,17:49:36
d564abb00bb146ff75c7ed2d9b48aadc,smedcraftbt@ustream.tv,5,2019-06-18,15:13:05
c593d7fd658f9ff5bc0c1aee2e9c917e,vgaltonbu@tumblr.com,2,2019-12-17,18:21:46
8c1fad5ce0dab8908dee527f88697ce2,mellicombebv@npr.org,2,2020-04-20,4:09:17
fe612cc9179e038f97816fce891022a6,mmaccullochbw@wiley.com,1,2019-05-30,5:16:29
b3072cd11f40eb57fd259555264476c6,cmewtonbx@bbb.org,5,2019-09-25,0:35:45
59c641a72b495d522a7932145d6c02b3,lrandleby@intel.com,2,2019-07-23,14:25:37
8d2005ec35280deb6a438dc87b225f89,eshafebz@amazon.co.uk,2,2020-03-11,14:22:54
d227f2faf6ec185e54436d86463f499b,cburhillc0@nymag.com,4,2020-01-19,9:08:06
c8a830e0143916293557b7276958ac48,rdadec1@angelfire.com,4,2019-08-18,19:10:28
5be32167a2dcc08470287a6029b7e4c5,garchellc2@icio.us,4,2019-10-26,1:44:17
8c1fad5ce0dab8908dee527f88697ce2,adumsdayc3@deliciousdays.com,1,2020-01-10,5:20:33
c593d7fd658f9ff5bc0c1aee2e9c917e,bhemshallc4@bandcamp.com,1,2019-07-21,14:33:52
59c641a72b495d522a7932145d6c02b3,sbestec5@angelfire.com,1,2020-01-04,12:01:19
c593d7fd658f9ff5bc0c1aee2e9c917e,bbrasc6@meetup.com,5,2020-03-12,19:35:42
59c641a72b495d522a7932145d6c02b3,chavilec7@free.fr,3,2019-12-13,14:53:42
59c641a72b495d522a7932145d6c02b3,aweldonc8@theguardian.com,4,2019-11-09,12:36:41
2b48856a1e68b1deaae63aa0eea7b7e9,wdemicolic9@gov.uk,2,2019-11-11,12:41:37
fe612cc9179e038f97816fce891022a6,bsandwithca@senate.gov,4,2020-03-15,9:02:40
c593d7fd658f9ff5bc0c1aee2e9c917e,ghexumcb@theglobeandmail.com,5,2020-03-20,1:50:17
6e67b6ad4cc6b420fe86fb975925fb32,tburghillcc@dagondesign.com,1,2020-02-04,5:34:22
d564abb00bb146ff75c7ed2d9b48aadc,ftowerseycd@google.de,1,2019-12-19,21:25:00
9d3f203c5a8a124ec5a1b21fe3ad1842,istilgoce@cbc.ca,4,2020-02-02,13:34:12
4adc9fee977fa04c357ed4c9b52aa3cc,cbalkcf@shop-pro.jp,2,2019-10-02,2:21:14
0cdccbb0c544e4909e1b4716f52f2280,llecontecg@cocolog-nifty.com,5,2019-11-09,21:55:42
5be32167a2dcc08470287a6029b7e4c5,joughtonch@google.nl,3,2020-05-20,19:44:24
c593d7fd658f9ff5bc0c1aee2e9c917e,onewcomenci@europa.eu,2,2019-06-03,21:21:22
6e67b6ad4cc6b420fe86fb975925fb32,crobathoncj@home.pl,5,2019-07-19,21:30:47
586938c5a53d9b916498a893248a5da3,ssunshineck@independent.co.uk,3,2020-04-21,16:02:02
4adc9fee977fa04c357ed4c9b52aa3cc,ydyottcl@dedecms.com,2,2019-07-25,15:10:38
09704782c2fd58e9198a4cc8f04e30d0,pmacveancm@paypal.com,1,2019-07-17,16:47:32
0cdccbb0c544e4909e1b4716f52f2280,eoverelcn@etsy.com,1,2019-08-18,17:30:56
50e3e579db0eef68a893b76b8199cf81,nrenehanco@quantcast.com,4,2019-07-28,7:37:30
50e3e579db0eef68a893b76b8199cf81,anewsteadcp@hud.gov,2,2020-05-21,4:03:06
50e3e579db0eef68a893b76b8199cf81,tdovydenascq@zimbio.com,5,2019-06-06,1:34:35
6e67b6ad4cc6b420fe86fb975925fb32,kjosovichcr@tripod.com,5,2019-09-04,16:36:04
f5ae6143fa79ba55deb5e9e720b4c681,statemcs@nytimes.com,4,2019-07-03,22:05:30
d564abb00bb146ff75c7ed2d9b48aadc,onendct@behance.net,3,2019-06-27,23:15:20
6e67b6ad4cc6b420fe86fb975925fb32,stribecu@google.de,5,2020-02-28,7:05:30
9d3f203c5a8a124ec5a1b21fe3ad1842,mmunghamcv@alexa.com,1,2020-02-10,10:42:48
50e3e579db0eef68a893b76b8199cf81,jbleescw@nih.gov,1,2019-06-12,15:38:30
d564abb00bb146ff75c7ed2d9b48aadc,tgeorgelincx@cdbaby.com,1,2020-04-12,8:32:09
59c641a72b495d522a7932145d6c02b3,rparradicecy@shinystat.com,2,2019-11-07,10:56:16
8c1fad5ce0dab8908dee527f88697ce2,jreisincz@desdev.cn,3,2019-10-27,12:48:19
f5ae6143fa79ba55deb5e9e720b4c681,caymericd0@ycombinator.com,3,2019-08-24,5:54:19
2b48856a1e68b1deaae63aa0eea7b7e9,lsmeed1@edublogs.org,4,2020-05-15,9:18:36
59c641a72b495d522a7932145d6c02b3,anightingaled2@smh.com.au,4,2019-10-24,0:30:08
2b48856a1e68b1deaae63aa0eea7b7e9,ytroppmannd3@ftc.gov,1,2019-09-26,11:38:09
9d3f203c5a8a124ec5a1b21fe3ad1842,vroyalld4@arizona.edu,2,2020-05-01,6:24:28
2b48856a1e68b1deaae63aa0eea7b7e9,ggiorgiettod5@infoseek.co.jp,3,2019-05-31,1:15:27
f5ae6143fa79ba55deb5e9e720b4c681,adarnbrookd6@lulu.com,4,2020-05-11,20:25:58
50e3e579db0eef68a893b76b8199cf81,llountd7@cpanel.net,5,2020-05-04,11:08:25
59c641a72b495d522a7932145d6c02b3,fhefferd8@engadget.com,3,2019-11-15,2:42:37
59c641a72b495d522a7932145d6c02b3,rbemrosed9@webnode.com,4,2020-03-25,22:45:03
d227f2faf6ec185e54436d86463f499b,aramlotda@howstuffworks.com,3,2019-06-19,18:47:46
9d3f203c5a8a124ec5a1b21fe3ad1842,tgabbatissdb@mozilla.com,5,2020-02-15,22:13:00
d564abb00bb146ff75c7ed2d9b48aadc,apoutondc@pcworld.com,4,2019-07-17,13:16:29
6e67b6ad4cc6b420fe86fb975925fb32,sdodsondd@mozilla.org,2,2020-02-29,1:10:40
59c641a72b495d522a7932145d6c02b3,aparminterde@ovh.net,4,2019-07-09,0:16:43
586938c5a53d9b916498a893248a5da3,mmencedf@washington.edu,4,2019-05-24,16:37:45
c593d7fd658f9ff5bc0c1aee2e9c917e,nferraridg@e-recht24.de,1,2020-01-12,9:46:24
b3072cd11f40eb57fd259555264476c6,sarnauddh@chicagotribune.com,3,2019-12-10,0:16:42
c8a830e0143916293557b7276958ac48,siacopinidi@wikimedia.org,1,2020-05-18,9:04:02
6e67b6ad4cc6b420fe86fb975925fb32,nowerdj@army.mil,4,2020-01-21,17:39:10
09704782c2fd58e9198a4cc8f04e30d0,wmartugindk@tumblr.com,3,2020-03-31,22:27:33
8d2005ec35280deb6a438dc87b225f89,ocarbinedl@nba.com,5,2019-09-20,14:35:18
586938c5a53d9b916498a893248a5da3,rmuscroftdm@google.es,2,2019-11-25,22:03:11
8d2005ec35280deb6a438dc87b225f89,zpilkingtondn@un.org,1,2019-12-31,22:45:34
586938c5a53d9b916498a893248a5da3,mmearingdo@xinhuanet.com,1,2020-05-16,13:31:54
4adc9fee977fa04c357ed4c9b52aa3cc,bbarabischdp@nasa.gov,3,2019-10-18,1:36:42
8d2005ec35280deb6a438dc87b225f89,opeertdq@arizona.edu,3,2020-04-14,11:54:37
6e67b6ad4cc6b420fe86fb975925fb32,ftorrittidr@blogger.com,1,2019-12-03,10:44:28
0cdccbb0c544e4909e1b4716f52f2280,jfortunds@i2i.jp,2,2019-08-27,19:23:13
4adc9fee977fa04c357ed4c9b52aa3cc,rjirusekdt@hexun.com,2,2020-02-17,3:15:13
9d3f203c5a8a124ec5a1b21fe3ad1842,uparlourdu@1688.com,1,2019-06-11,23:07:36
2b48856a1e68b1deaae63aa0eea7b7e9,tcrandondv@flavors.me,1,2019-07-03,6:23:09
586938c5a53d9b916498a893248a5da3,evanshindw@surveymonkey.com,3,2020-03-10,11:38:09
4adc9fee977fa04c357ed4c9b52aa3cc,acorfielddx@posterous.com,3,2019-07-27,7:06:00
5be32167a2dcc08470287a6029b7e4c5,idimmackdy@hp.com,4,2019-12-07,18:20:23
9d3f203c5a8a124ec5a1b21fe3ad1842,pdeschleindz@theguardian.com,3,2019-06-07,17:53:30
b3072cd11f40eb57fd259555264476c6,rtabbernore0@dion.ne.jp,3,2019-09-09,6:28:35
f5ae6143fa79ba55deb5e9e720b4c681,lmcgeaneye1@cnn.com,3,2019-05-25,12:18:57
8c1fad5ce0dab8908dee527f88697ce2,asamse2@purevolume.com,5,2020-03-25,7:52:30
6e67b6ad4cc6b420fe86fb975925fb32,eplaicee3@scientificamerican.com,5,2020-02-17,22:33:00
d564abb00bb146ff75c7ed2d9b48aadc,solivoe4@geocities.com,4,2019-11-07,8:51:15
586938c5a53d9b916498a893248a5da3,lstaceye5@apache.org,1,2020-04-05,4:36:27
5be32167a2dcc08470287a6029b7e4c5,crosenzwige6@virginia.edu,2,2019-10-22,9:51:59
b3072cd11f40eb57fd259555264476c6,dgiddinse7@bigcartel.com,2,2019-09-05,23:46:02
586938c5a53d9b916498a893248a5da3,ntenmane8@about.com,5,2019-11-24,1:22:48
d227f2faf6ec185e54436d86463f499b,jbrownsette9@youtu.be,3,2019-08-20,7:10:12
fa2133f1e5a865a5a5044777824fe147,afleggea@nyu.edu,3,2019-10-11,10:20:33
4adc9fee977fa04c357ed4c9b52aa3cc,cyoslowitzeb@ow.ly,3,2020-05-08,0:48:44
59c641a72b495d522a7932145d6c02b3,clandeauxec@about.com,2,2020-03-24,0:18:15
6e67b6ad4cc6b420fe86fb975925fb32,sclaveringed@diigo.com,4,2019-11-27,1:31:52
4adc9fee977fa04c357ed4c9b52aa3cc,swaitingee@timesonline.co.uk,4,2020-04-15,9:37:34
2b48856a1e68b1deaae63aa0eea7b7e9,joleahyef@barnesandnoble.com,4,2019-09-20,19:20:14
4adc9fee977fa04c357ed4c9b52aa3cc,gshadfourtheg@intel.com,1,2020-01-23,2:36:35
b3072cd11f40eb57fd259555264476c6,ogerreneh@businessinsider.com,5,2020-01-09,10:28:12
09704782c2fd58e9198a4cc8f04e30d0,vknewstubbei@devhub.com,4,2019-11-03,13:29:14
5be32167a2dcc08470287a6029b7e4c5,ailyenkoej@seattletimes.com,3,2020-03-02,11:43:29
fa2133f1e5a865a5a5044777824fe147,jbenettiniek@ow.ly,4,2020-05-05,1:52:15
8d2005ec35280deb6a438dc87b225f89,kdurkerel@hatena.ne.jp,4,2020-04-09,19:48:52
f5ae6143fa79ba55deb5e9e720b4c681,jbrommageem@ox.ac.uk,2,2020-02-03,11:26:51
5be32167a2dcc08470287a6029b7e4c5,ndaelen@usa.gov,2,2020-04-16,15:04:16
0cdccbb0c544e4909e1b4716f52f2280,twillardeo@imdb.com,5,2019-09-23,1:53:51
9d3f203c5a8a124ec5a1b21fe3ad1842,rclayeep@infoseek.co.jp,3,2020-05-06,12:38:00
8c1fad5ce0dab8908dee527f88697ce2,cgoffeq@mediafire.com,2,2019-08-17,17:43:55
9d3f203c5a8a124ec5a1b21fe3ad1842,gcorteneyer@weibo.com,2,2019-06-05,8:07:02
5be32167a2dcc08470287a6029b7e4c5,rpearles@google.ca,5,2020-04-16,10:09:41
9d3f203c5a8a124ec5a1b21fe3ad1842,bcrummayet@booking.com,3,2020-02-07,13:08:18
6e67b6ad4cc6b420fe86fb975925fb32,gcellieu@hubpages.com,3,2019-06-25,20:15:51
50e3e579db0eef68a893b76b8199cf81,bloudyanev@canalblog.com,5,2019-09-23,0:52:55
2b48856a1e68b1deaae63aa0eea7b7e9,hgiovannacciew@weather.com,3,2019-06-25,22:56:40
50e3e579db0eef68a893b76b8199cf81,kfusedaleex@google.fr,1,2019-12-30,1:30:01
d564abb00bb146ff75c7ed2d9b48aadc,ntreadgalley@newsvine.com,1,2019-08-12,15:32:26
d564abb00bb146ff75c7ed2d9b48aadc,lnapletonez@sfgate.com,1,2019-08-02,18:42:23
c593d7fd658f9ff5bc0c1aee2e9c917e,hraitief0@slashdot.org,3,2019-12-27,19:11:48
b3072cd11f40eb57fd259555264476c6,itamburof1@paginegialle.it,1,2020-03-22,2:36:43
b3072cd11f40eb57fd259555264476c6,rsigertf2@mac.com,5,2019-09-10,10:12:52
c8a830e0143916293557b7276958ac48,bbiersf3@mac.com,1,2020-03-18,23:19:32
09704782c2fd58e9198a4cc8f04e30d0,kcrannellf4@ca.gov,5,2020-01-16,20:25:54
586938c5a53d9b916498a893248a5da3,rmarlonf5@dagondesign.com,1,2019-05-27,22:59:38
c593d7fd658f9ff5bc0c1aee2e9c917e,mmaceurf6@artisteer.com,5,2020-01-25,21:13:02
59c641a72b495d522a7932145d6c02b3,tbessantf7@zimbio.com,3,2019-12-16,14:01:51
d227f2faf6ec185e54436d86463f499b,fropkingf8@linkedin.com,4,2019-07-18,22:58:16
0cdccbb0c544e4909e1b4716f52f2280,phubbockf9@state.gov,5,2019-07-04,22:40:11
8d2005ec35280deb6a438dc87b225f89,lpentonyfa@instagram.com,4,2019-12-04,11:25:15
d227f2faf6ec185e54436d86463f499b,edhillonfb@indiatimes.com,2,2019-06-13,5:44:34
8d2005ec35280deb6a438dc87b225f89,sseivertsenfc@dailymail.co.uk,5,2020-05-19,14:14:09
59c641a72b495d522a7932145d6c02b3,bcancelierfd@wired.com,4,2020-04-08,9:01:58
59c641a72b495d522a7932145d6c02b3,rbarensfe@mapy.cz,2,2019-11-16,19:53:39
d564abb00bb146ff75c7ed2d9b48aadc,bburbudgeff@deviantart.com,2,2019-09-21,13:01:23
0cdccbb0c544e4909e1b4716f52f2280,dshawyersfg@archive.org,3,2019-07-24,2:01:26
b3072cd11f40eb57fd259555264476c6,eharefh@blogger.com,2,2019-06-18,8:39:47
fa2133f1e5a865a5a5044777824fe147,ddymickfi@cpanel.net,5,2019-10-30,18:46:18
8c1fad5ce0dab8908dee527f88697ce2,csextiefj@comcast.net,3,2019-09-01,17:39:17
5be32167a2dcc08470287a6029b7e4c5,hdightfk@illinois.edu,3,2019-11-30,12:57:22
d564abb00bb146ff75c7ed2d9b48aadc,jferraofl@webmd.com,1,2020-03-23,1:39:32
b3072cd11f40eb57fd259555264476c6,wcheyneyfm@hhs.gov,2,2020-02-16,14:46:09
09704782c2fd58e9198a4cc8f04e30d0,mrimingtonfn@infoseek.co.jp,1,2019-06-06,8:22:43
50e3e579db0eef68a893b76b8199cf81,cfinckefo@joomla.org,5,2019-06-19,1:25:56
d227f2faf6ec185e54436d86463f499b,sdearnlyfp@youtube.com,1,2020-04-23,6:11:27
4adc9fee977fa04c357ed4c9b52aa3cc,tgallfq@de.vu,3,2020-03-31,11:45:36
fa2133f1e5a865a5a5044777824fe147,egarrickfr@canalblog.com,5,2019-12-09,4:33:26
0cdccbb0c544e4909e1b4716f52f2280,ahastyfs@cnet.com,3,2020-05-16,17:31:44
d227f2faf6ec185e54436d86463f499b,dpaulsonft@sciencedaily.com,4,2020-03-24,17:46:00
0cdccbb0c544e4909e1b4716f52f2280,crizzardofu@engadget.com,1,2019-07-12,6:45:13
4adc9fee977fa04c357ed4c9b52aa3cc,kmarlfv@google.com.au,2,2019-06-17,3:19:00
5be32167a2dcc08470287a6029b7e4c5,gneweyfw@admin.ch,4,2019-09-23,18:57:02
5be32167a2dcc08470287a6029b7e4c5,ebyefx@ca.gov,4,2019-10-23,7:52:22
2b48856a1e68b1deaae63aa0eea7b7e9,dsommervillefy@hatena.ne.jp,5,2020-01-24,6:21:22
9d3f203c5a8a124ec5a1b21fe3ad1842,ejerzykiewiczfz@ucoz.ru,1,2020-02-29,20:09:01
6e67b6ad4cc6b420fe86fb975925fb32,bdekeepg0@upenn.edu,2,2019-08-09,23:51:46
8c1fad5ce0dab8908dee527f88697ce2,cscotchbrookg1@w3.org,3,2019-08-02,21:42:20
8c1fad5ce0dab8908dee527f88697ce2,fmcclintong2@yale.edu,3,2020-02-12,0:53:26
fa2133f1e5a865a5a5044777824fe147,bharbertg3@clickbank.net,1,2020-03-11,11:39:33
4adc9fee977fa04c357ed4c9b52aa3cc,cscreasg4@blogtalkradio.com,3,2019-06-24,13:34:35
4adc9fee977fa04c357ed4c9b52aa3cc,efulepg5@amazon.de,2,2020-01-12,8:22:36
4adc9fee977fa04c357ed4c9b52aa3cc,gfarthing6@businesswire.com,5,2019-08-17,22:57:54
fa2133f1e5a865a5a5044777824fe147,agoreisrg7@printfriendly.com,2,2019-12-11,0:50:37
586938c5a53d9b916498a893248a5da3,wrobbg8@indiatimes.com,1,2020-03-10,19:45:21
50e3e579db0eef68a893b76b8199cf81,tblackaterg9@ameblo.jp,3,2020-05-03,18:08:35
0cdccbb0c544e4909e1b4716f52f2280,ajakewayga@unc.edu,1,2020-02-06,22:16:48
8c1fad5ce0dab8908dee527f88697ce2,bgoronigb@time.com,5,2019-08-24,22:00:26
9d3f203c5a8a124ec5a1b21fe3ad1842,ukulisgc@delicious.com,1,2019-09-25,11:36:04
0cdccbb0c544e4909e1b4716f52f2280,gcorpesgd@ustream.tv,3,2020-02-28,23:38:17
2b48856a1e68b1deaae63aa0eea7b7e9,dbeckinghamge@google.de,5,2020-04-13,5:20:39
5be32167a2dcc08470287a6029b7e4c5,lgoodinggf@cdbaby.com,5,2019-11-27,16:15:26
fe612cc9179e038f97816fce891022a6,thibbartgg@sbwire.com,1,2020-03-04,8:40:52
d227f2faf6ec185e54436d86463f499b,ewrackgh@mozilla.org,1,2019-06-15,1:42:40
b3072cd11f40eb57fd259555264476c6,amealegi@springer.com,4,2019-07-16,6:53:09
c8a830e0143916293557b7276958ac48,dwakergj@wired.com,4,2019-12-24,2:51:43
c593d7fd658f9ff5bc0c1aee2e9c917e,glittledikegk@hubpages.com,2,2020-01-30,22:02:24
8c1fad5ce0dab8908dee527f88697ce2,rfermoygl@amazon.co.uk,2,2020-04-24,21:02:08
d227f2faf6ec185e54436d86463f499b,hbernhardigm@thetimes.co.uk,2,2019-12-05,17:03:40
b3072cd11f40eb57fd259555264476c6,llanawaygn@biblegateway.com,2,2020-05-14,23:13:47
c593d7fd658f9ff5bc0c1aee2e9c917e,qsaytongo@acquirethisname.com,5,2020-03-25,7:05:46
2b48856a1e68b1deaae63aa0eea7b7e9,mdemseygp@t.co,1,2020-05-22,3:24:16
586938c5a53d9b916498a893248a5da3,hottleygq@joomla.org,5,2020-02-20,20:59:23
c593d7fd658f9ff5bc0c1aee2e9c917e,csanctogr@surveymonkey.com,2,2020-04-30,2:22:52
8c1fad5ce0dab8908dee527f88697ce2,hboribalgs@hostgator.com,1,2020-03-05,13:18:44
c593d7fd658f9ff5bc0c1aee2e9c917e,lparkingt@admin.ch,3,2019-08-20,23:45:09
b3072cd11f40eb57fd259555264476c6,bohoeygu@so-net.ne.jp,5,2019-06-17,23:00:03
0cdccbb0c544e4909e1b4716f52f2280,ekeerigv@clickbank.net,4,2020-04-23,16:28:01
2b48856a1e68b1deaae63aa0eea7b7e9,mcorsegw@nationalgeographic.com,2,2020-01-20,19:36:37
0cdccbb0c544e4909e1b4716f52f2280,hblaydgx@narod.ru,5,2019-10-07,7:20:45
b3072cd11f40eb57fd259555264476c6,anelthropgy@huffingtonpost.com,4,2020-02-05,14:10:58
9d3f203c5a8a124ec5a1b21fe3ad1842,bsiemandlgz@netscape.com,2,2019-08-06,2:43:40
b3072cd11f40eb57fd259555264476c6,nenderbyh0@fema.gov,1,2019-10-07,17:51:19
c593d7fd658f9ff5bc0c1aee2e9c917e,lfluxh1@sfgate.com,1,2019-10-31,0:21:47
fe612cc9179e038f97816fce891022a6,sgatehouseh2@lulu.com,3,2019-10-04,22:44:41
09704782c2fd58e9198a4cc8f04e30d0,alorkinsh3@google.com.au,2,2019-07-25,23:03:05
c593d7fd658f9ff5bc0c1aee2e9c917e,bpactath4@desdev.cn,3,2019-05-31,16:35:26
2b48856a1e68b1deaae63aa0eea7b7e9,treinerth5@spotify.com,4,2019-07-14,7:49:54
6e67b6ad4cc6b420fe86fb975925fb32,mmattiellih6@cargocollective.com,4,2019-09-28,2:55:00
59c641a72b495d522a7932145d6c02b3,tscottesmoorh7@furl.net,4,2019-06-30,14:31:19
50e3e579db0eef68a893b76b8199cf81,hbillboroughh8@ucoz.ru,4,2020-04-10,6:16:16
c593d7fd658f9ff5bc0c1aee2e9c917e,agriniovh9@fema.gov,1,2019-09-07,18:24:08
9d3f203c5a8a124ec5a1b21fe3ad1842,jbeddowsha@i2i.jp,1,2020-04-10,9:04:24
8d2005ec35280deb6a438dc87b225f89,jkunderthb@livejournal.com,4,2019-09-17,4:53:02
8d2005ec35280deb6a438dc87b225f89,rgullhc@bloglines.com,4,2019-08-25,16:23:38
0cdccbb0c544e4909e1b4716f52f2280,lclemenceauhd@jiathis.com,1,2019-07-31,15:44:23
b3072cd11f40eb57fd259555264476c6,mgofforthhe@bloglovin.com,1,2019-11-02,21:13:24
09704782c2fd58e9198a4cc8f04e30d0,jwithnallhf@cbsnews.com,4,2020-01-28,6:02:29
9d3f203c5a8a124ec5a1b21fe3ad1842,cseivwrighthg@jalbum.net,1,2019-09-17,2:30:29
586938c5a53d9b916498a893248a5da3,fplampeynhh@vimeo.com,1,2020-02-27,22:25:18
4adc9fee977fa04c357ed4c9b52aa3cc,lspaughtonhi@seesaa.net,5,2020-05-01,12:45:48
d564abb00bb146ff75c7ed2d9b48aadc,jriddifordhj@mit.edu,1,2019-12-03,11:03:10
8c1fad5ce0dab8908dee527f88697ce2,mruttyhk@blogtalkradio.com,3,2019-11-21,23:37:20
8c1fad5ce0dab8908dee527f88697ce2,sbumhl@desdev.cn,3,2019-08-31,5:17:29
5be32167a2dcc08470287a6029b7e4c5,llawleyhm@naver.com,4,2019-09-15,5:49:08
9d3f203c5a8a124ec5a1b21fe3ad1842,nduthyhn@narod.ru,5,2019-08-17,3:30:24
fe612cc9179e038f97816fce891022a6,mmonniho@cloudflare.com,5,2019-06-24,16:30:27
d564abb00bb146ff75c7ed2d9b48aadc,lmcvanehp@360.cn,2,2019-08-03,0:29:03
2b48856a1e68b1deaae63aa0eea7b7e9,dlunbechhq@cnet.com,5,2019-11-21,15:03:32
f5ae6143fa79ba55deb5e9e720b4c681,lsteansonhr@wikimedia.org,3,2020-03-12,15:01:09
8c1fad5ce0dab8908dee527f88697ce2,jmccartanhs@cargocollective.com,5,2019-09-15,22:32:10
f5ae6143fa79ba55deb5e9e720b4c681,hvandijkht@dmoz.org,4,2020-05-21,17:31:47
fe612cc9179e038f97816fce891022a6,ctotmanhu@php.net,5,2020-04-10,19:55:18
59c641a72b495d522a7932145d6c02b3,etoogoodhv@cbsnews.com,5,2019-09-29,17:20:14
fa2133f1e5a865a5a5044777824fe147,avannethw@blog.com,4,2019-09-30,10:21:43
fe612cc9179e038f97816fce891022a6,nriceardshx@tiny.cc,5,2020-05-15,2:46:04
5be32167a2dcc08470287a6029b7e4c5,inormingtonhy@eepurl.com,1,2019-06-06,22:05:22
d564abb00bb146ff75c7ed2d9b48aadc,svanbrughz@google.ca,3,2020-04-29,0:10:12
f5ae6143fa79ba55deb5e9e720b4c681,mdaubneyi0@google.ca,1,2020-04-29,7:36:07
6e67b6ad4cc6b420fe86fb975925fb32,horromi1@hud.gov,1,2019-06-29,10:17:41
586938c5a53d9b916498a893248a5da3,sdunguyi2@shinystat.com,4,2019-09-11,22:51:49
09704782c2fd58e9198a4cc8f04e30d0,ecunnowi3@godaddy.com,2,2019-09-03,17:30:04
5be32167a2dcc08470287a6029b7e4c5,creadwini4@utexas.edu,3,2019-06-07,12:34:39
59c641a72b495d522a7932145d6c02b3,mviani5@nbcnews.com,5,2020-04-21,20:27:36
9d3f203c5a8a124ec5a1b21fe3ad1842,rcoringtoni6@yolasite.com,1,2019-10-23,23:02:09
50e3e579db0eef68a893b76b8199cf81,srouffi7@livejournal.com,3,2020-03-18,4:49:11
f5ae6143fa79ba55deb5e9e720b4c681,gdyballi8@usda.gov,1,2019-06-21,23:03:05
50e3e579db0eef68a893b76b8199cf81,lmunslowi9@shareasale.com,5,2019-09-25,15:44:54
c593d7fd658f9ff5bc0c1aee2e9c917e,bpetowia@time.com,2,2020-05-13,2:16:59
8c1fad5ce0dab8908dee527f88697ce2,saimsonib@jugem.jp,4,2019-08-15,5:11:20
50e3e579db0eef68a893b76b8199cf81,cizkoviczic@github.io,3,2019-06-14,4:27:12
2b48856a1e68b1deaae63aa0eea7b7e9,kgouldbournid@behance.net,3,2019-12-21,8:43:59
c8a830e0143916293557b7276958ac48,pgalpinie@wordpress.com,3,2019-08-08,4:23:35
8c1fad5ce0dab8908dee527f88697ce2,vdevitaif@netlog.com,3,2020-02-19,3:58:23
f5ae6143fa79ba55deb5e9e720b4c681,bmccrystalig@craigslist.org,1,2019-08-25,11:22:47
fe612cc9179e038f97816fce891022a6,dsauniereih@flickr.com,5,2020-03-29,20:47:57
fa2133f1e5a865a5a5044777824fe147,vosininii@house.gov,3,2020-01-11,12:36:20
b3072cd11f40eb57fd259555264476c6,pfillerij@indiatimes.com,2,2019-08-20,10:08:36
59c641a72b495d522a7932145d6c02b3,sklynik@psu.edu,5,2020-02-13,17:54:43
59c641a72b495d522a7932145d6c02b3,rcosbeyil@deliciousdays.com,1,2019-06-18,15:37:00
8c1fad5ce0dab8908dee527f88697ce2,ggilstonim@mayoclinic.com,3,2019-06-06,11:39:52
0cdccbb0c544e4909e1b4716f52f2280,dblorein@ocn.ne.jp,1,2019-11-01,18:47:19
d227f2faf6ec185e54436d86463f499b,zcauthraio@nsw.gov.au,2,2019-07-14,21:13:35
8c1fad5ce0dab8908dee527f88697ce2,telnerip@ibm.com,1,2020-02-29,21:03:39
fa2133f1e5a865a5a5044777824fe147,dcrutchleyiq@washingtonpost.com,2,2019-12-17,14:37:58
6e67b6ad4cc6b420fe86fb975925fb32,ghounsomir@narod.ru,1,2019-12-14,19:18:05
4adc9fee977fa04c357ed4c9b52aa3cc,gmatzlis@ucla.edu,1,2019-08-19,1:41:06
59c641a72b495d522a7932145d6c02b3,akingescotit@scientificamerican.com,3,2020-04-12,0:58:39
8d2005ec35280deb6a438dc87b225f89,ablinckhorneiu@parallels.com,4,2019-08-17,16:41:38
fa2133f1e5a865a5a5044777824fe147,vlamperdiv@liveinternet.ru,3,2020-02-17,5:27:02
c8a830e0143916293557b7276958ac48,dopperyiw@webs.com,5,2019-07-27,11:04:37
c593d7fd658f9ff5bc0c1aee2e9c917e,sjurewiczix@dmoz.org,5,2019-06-01,15:13:02
c593d7fd658f9ff5bc0c1aee2e9c917e,nwhieldoniy@meetup.com,1,2019-11-27,10:14:47
2b48856a1e68b1deaae63aa0eea7b7e9,rgethouseiz@bandcamp.com,2,2019-07-03,9:50:06
b3072cd11f40eb57fd259555264476c6,sjuszczakj0@baidu.com,2,2020-02-18,5:50:47
09704782c2fd58e9198a4cc8f04e30d0,dtradewellj1@psu.edu,5,2019-11-20,4:36:24
8d2005ec35280deb6a438dc87b225f89,rfawdreyj2@state.gov,5,2020-01-06,4:15:29
fe612cc9179e038f97816fce891022a6,eshordj3@mac.com,3,2019-07-11,17:15:40
fa2133f1e5a865a5a5044777824fe147,zmahoneyj4@nps.gov,5,2019-11-07,14:52:48
09704782c2fd58e9198a4cc8f04e30d0,mnorfolkj5@google.com.br,5,2019-12-25,18:18:59
50e3e579db0eef68a893b76b8199cf81,cciccottoj6@gov.uk,1,2019-08-29,3:41:00
09704782c2fd58e9198a4cc8f04e30d0,hpappinj7@qq.com,2,2020-04-22,1:27:34
4adc9fee977fa04c357ed4c9b52aa3cc,mthakej8@acquirethisname.com,1,2019-11-15,14:30:58
0cdccbb0c544e4909e1b4716f52f2280,adunnej9@ucla.edu,4,2020-01-08,2:00:10
0cdccbb0c544e4909e1b4716f52f2280,cbranfordja@sbwire.com,2,2020-01-08,19:28:24
50e3e579db0eef68a893b76b8199cf81,ecoopejb@wisc.edu,5,2019-06-09,21:45:38
fe612cc9179e038f97816fce891022a6,ncraterejc@merriam-webster.com,4,2020-04-13,20:14:09
5be32167a2dcc08470287a6029b7e4c5,jcampsalljd@comsenz.com,2,2019-09-10,13:12:57
50e3e579db0eef68a893b76b8199cf81,iziehmje@theguardian.com,1,2020-03-28,20:08:49
9d3f203c5a8a124ec5a1b21fe3ad1842,kmacauleyjf@webeden.co.uk,2,2019-08-12,20:11:10
8d2005ec35280deb6a438dc87b225f89,aspellaceyjg@house.gov,1,2020-01-06,16:14:11
f5ae6143fa79ba55deb5e9e720b4c681,cseeneyjh@wisc.edu,3,2019-10-30,21:47:21
4adc9fee977fa04c357ed4c9b52aa3cc,aspillmanji@biblegateway.com,2,2019-09-20,11:40:33
fe612cc9179e038f97816fce891022a6,cpiechejj@umn.edu,4,2020-05-16,15:30:23
586938c5a53d9b916498a893248a5da3,etoppesjk@wsj.com,1,2019-11-17,6:44:06
5be32167a2dcc08470287a6029b7e4c5,mgallonjl@fastcompany.com,1,2019-08-28,20:57:41
c593d7fd658f9ff5bc0c1aee2e9c917e,msellimanjm@sogou.com,2,2019-07-03,22:27:44
b3072cd11f40eb57fd259555264476c6,mduesterjn@reuters.com,3,2020-03-02,22:31:10
4adc9fee977fa04c357ed4c9b52aa3cc,shughlockjo@unc.edu,4,2019-12-16,0:50:26
c8a830e0143916293557b7276958ac48,jegrejp@mtv.com,3,2019-06-08,22:34:04
50e3e579db0eef68a893b76b8199cf81,jpicfordjq@scientificamerican.com,5,2020-02-16,0:27:41
50e3e579db0eef68a893b76b8199cf81,ymacconnelljr@so-net.ne.jp,3,2020-03-31,20:32:12
f5ae6143fa79ba55deb5e9e720b4c681,rbankhurstjs@lulu.com,5,2019-06-29,7:49:33
c593d7fd658f9ff5bc0c1aee2e9c917e,mstopherjt@nifty.com,1,2019-10-20,16:08:47
0cdccbb0c544e4909e1b4716f52f2280,mcocksedgeju@ca.gov,1,2020-01-30,21:20:41
0cdccbb0c544e4909e1b4716f52f2280,thumberstonjv@ovh.net,2,2019-12-12,3:05:26
2b48856a1e68b1deaae63aa0eea7b7e9,aklessejw@bloomberg.com,5,2019-07-10,11:07:33
b3072cd11f40eb57fd259555264476c6,ipellittjx@theglobeandmail.com,5,2019-08-01,3:48:00
5be32167a2dcc08470287a6029b7e4c5,tthelwlljy@sbwire.com,3,2019-10-07,12:58:05
50e3e579db0eef68a893b76b8199cf81,lkingsleyjz@unc.edu,3,2019-06-23,18:30:01
8d2005ec35280deb6a438dc87b225f89,agowdyk0@about.com,2,2019-12-16,7:13:52
fe612cc9179e038f97816fce891022a6,cdanksk1@apache.org,3,2019-11-21,22:55:40
50e3e579db0eef68a893b76b8199cf81,ayakubovicsk2@xinhuanet.com,1,2020-02-25,12:11:39
fa2133f1e5a865a5a5044777824fe147,kmitchleyk3@elegantthemes.com,4,2020-03-19,20:04:10
4adc9fee977fa04c357ed4c9b52aa3cc,dwilkissonk4@addthis.com,4,2019-09-26,12:35:43
09704782c2fd58e9198a4cc8f04e30d0,hanselmik5@cyberchimps.com,3,2020-01-17,20:07:07
9d3f203c5a8a124ec5a1b21fe3ad1842,sbrissendenk6@epa.gov,5,2020-05-09,9:14:29
6e67b6ad4cc6b420fe86fb975925fb32,hassonk7@yellowbook.com,5,2020-03-10,6:02:32
5be32167a2dcc08470287a6029b7e4c5,msemainek8@patch.com,3,2019-10-05,20:37:45
5be32167a2dcc08470287a6029b7e4c5,jcordobesk9@bing.com,2,2019-08-06,5:34:28
b3072cd11f40eb57fd259555264476c6,tdisleeka@merriam-webster.com,2,2020-01-22,7:55:09
2b48856a1e68b1deaae63aa0eea7b7e9,afibbitkb@spiegel.de,4,2020-03-10,21:39:50
c593d7fd658f9ff5bc0c1aee2e9c917e,nmilsapkc@zdnet.com,4,2020-01-11,21:48:45
b3072cd11f40eb57fd259555264476c6,dbertrandkd@technorati.com,3,2019-10-07,11:59:45
4adc9fee977fa04c357ed4c9b52aa3cc,horringeke@zdnet.com,4,2020-05-12,23:03:09
50e3e579db0eef68a893b76b8199cf81,jcrosikf@hexun.com,1,2020-04-04,5:29:03
9d3f203c5a8a124ec5a1b21fe3ad1842,dweykg@telegraph.co.uk,1,2019-12-17,7:01:12
59c641a72b495d522a7932145d6c02b3,mpollettkh@npr.org,5,2019-12-16,16:33:34
c593d7fd658f9ff5bc0c1aee2e9c917e,wwelbournki@stanford.edu,5,2020-01-14,5:03:31
5be32167a2dcc08470287a6029b7e4c5,cleahykj@google.pl,5,2020-03-08,15:33:20
8c1fad5ce0dab8908dee527f88697ce2,bwhardleykk@t-online.de,5,2020-01-20,17:28:00
f5ae6143fa79ba55deb5e9e720b4c681,mcowelykl@sohu.com,2,2019-06-07,8:47:04
2b48856a1e68b1deaae63aa0eea7b7e9,dmachankm@telegraph.co.uk,5,2020-03-26,20:55:00
0cdccbb0c544e4909e1b4716f52f2280,ngascarkn@ihg.com,5,2019-11-03,6:22:11
fe612cc9179e038f97816fce891022a6,bdeekko@eventbrite.com,3,2020-04-27,8:19:31
2b48856a1e68b1deaae63aa0eea7b7e9,chousbeykp@yelp.com,1,2019-12-10,6:14:23
5be32167a2dcc08470287a6029b7e4c5,dhopfnerkq@desdev.cn,4,2020-03-21,21:55:12
c593d7fd658f9ff5bc0c1aee2e9c917e,dthainekr@usgs.gov,3,2019-07-01,12:29:32
6e67b6ad4cc6b420fe86fb975925fb32,vmellersks@51.la,5,2019-07-11,8:23:37
4adc9fee977fa04c357ed4c9b52aa3cc,sriquetkt@i2i.jp,4,2019-07-31,17:33:52
c593d7fd658f9ff5bc0c1aee2e9c917e,rmayfieldku@imageshack.us,2,2020-04-07,21:29:20
8d2005ec35280deb6a438dc87b225f89,jbockmannkv@hhs.gov,2,2019-08-20,9:07:10
fe612cc9179e038f97816fce891022a6,ibullantkw@zimbio.com,4,2020-04-22,3:57:55
d227f2faf6ec185e54436d86463f499b,aomulderrigkx@independent.co.uk,5,2019-12-25,16:06:38
09704782c2fd58e9198a4cc8f04e30d0,jbenoeyky@utexas.edu,5,2019-06-25,13:57:45
2b48856a1e68b1deaae63aa0eea7b7e9,jfrondtkz@facebook.com,1,2019-07-01,10:05:55
59c641a72b495d522a7932145d6c02b3,mrangalll0@blogger.com,2,2020-01-24,18:45:14
8c1fad5ce0dab8908dee527f88697ce2,lvernayl1@nasa.gov,1,2019-07-10,6:21:46
8d2005ec35280deb6a438dc87b225f89,rsandwichl2@studiopress.com,5,2020-01-10,22:15:15
4adc9fee977fa04c357ed4c9b52aa3cc,cdickersonl3@themeforest.net,3,2019-09-27,2:35:02
0cdccbb0c544e4909e1b4716f52f2280,shaxelll4@github.io,3,2019-06-22,21:18:25
8d2005ec35280deb6a438dc87b225f89,tlinayl5@state.tx.us,3,2019-10-26,10:46:23
fe612cc9179e038f97816fce891022a6,rjedrykal6@arstechnica.com,2,2020-03-12,0:03:30
59c641a72b495d522a7932145d6c02b3,jgazeyl7@ucla.edu,2,2019-12-02,13:10:34
d564abb00bb146ff75c7ed2d9b48aadc,gbradanel8@wikia.com,2,2020-01-13,6:21:20
c593d7fd658f9ff5bc0c1aee2e9c917e,geggerl9@nih.gov,2,2020-01-06,19:41:12
9d3f203c5a8a124ec5a1b21fe3ad1842,kivkovicla@51.la,4,2020-01-16,5:59:01
fa2133f1e5a865a5a5044777824fe147,abroggiolb@dmoz.org,5,2020-05-02,11:00:44
09704782c2fd58e9198a4cc8f04e30d0,srivellc@about.com,4,2020-05-17,22:01:45
d564abb00bb146ff75c7ed2d9b48aadc,fjollandsld@bing.com,1,2019-08-12,8:29:11
f5ae6143fa79ba55deb5e9e720b4c681,psmalemanle@oaic.gov.au,1,2019-09-03,4:45:58
59c641a72b495d522a7932145d6c02b3,nrobertsenlf@cafepress.com,2,2019-09-16,9:20:56
c8a830e0143916293557b7276958ac48,wgarmonlg@dailymail.co.uk,3,2020-02-17,4:16:40
f5ae6143fa79ba55deb5e9e720b4c681,yshoutelh@i2i.jp,4,2020-02-15,2:19:12
0cdccbb0c544e4909e1b4716f52f2280,ctwopennyli@yahoo.com,4,2019-09-30,5:02:33
d564abb00bb146ff75c7ed2d9b48aadc,obroadhurstlj@dion.ne.jp,2,2019-06-05,1:26:42
fa2133f1e5a865a5a5044777824fe147,ahoricklk@csmonitor.com,1,2019-11-03,7:50:55
b3072cd11f40eb57fd259555264476c6,lshorterll@delicious.com,1,2020-03-04,23:20:31
50e3e579db0eef68a893b76b8199cf81,ltayntonlm@gnu.org,5,2019-11-29,21:26:09
2b48856a1e68b1deaae63aa0eea7b7e9,blingardln@nps.gov,1,2020-02-26,8:56:42
0cdccbb0c544e4909e1b4716f52f2280,akynastonelo@alibaba.com,1,2020-05-13,2:06:06
50e3e579db0eef68a893b76b8199cf81,fmcewenlp@networksolutions.com,4,2019-09-14,9:46:41
8c1fad5ce0dab8908dee527f88697ce2,bfeirnlq@narod.ru,4,2019-07-03,18:49:42
50e3e579db0eef68a893b76b8199cf81,asivornlr@jugem.jp,4,2019-07-15,10:50:10
f5ae6143fa79ba55deb5e9e720b4c681,clinfittls@1688.com,1,2020-05-01,20:33:59
d227f2faf6ec185e54436d86463f499b,fmirandolt@networksolutions.com,1,2020-02-02,2:53:30
59c641a72b495d522a7932145d6c02b3,esternlu@google.co.uk,3,2019-07-06,5:16:34
fe612cc9179e038f97816fce891022a6,gmccreadielv@ca.gov,5,2019-09-02,7:02:59
59c641a72b495d522a7932145d6c02b3,rsellenslw@jiathis.com,2,2019-08-23,20:42:46
c8a830e0143916293557b7276958ac48,srattraylx@fda.gov,1,2019-06-09,18:36:54
586938c5a53d9b916498a893248a5da3,tparhamly@fema.gov,1,2019-10-30,19:21:07
8d2005ec35280deb6a438dc87b225f89,kbernaldezlz@cdc.gov,3,2020-04-22,14:21:46
6e67b6ad4cc6b420fe86fb975925fb32,mtresslerm0@google.cn,3,2020-05-13,13:52:17
fa2133f1e5a865a5a5044777824fe147,jgornallm1@tumblr.com,5,2019-07-17,9:33:15
59c641a72b495d522a7932145d6c02b3,jbachm2@ustream.tv,4,2020-04-09,11:45:59
d227f2faf6ec185e54436d86463f499b,mporrettm3@hostgator.com,5,2019-11-18,5:01:47
c593d7fd658f9ff5bc0c1aee2e9c917e,gtuxillm4@thetimes.co.uk,4,2019-09-06,23:11:53
0cdccbb0c544e4909e1b4716f52f2280,mdemattiam5@sbwire.com,3,2019-12-11,6:36:49
fa2133f1e5a865a5a5044777824fe147,gkettemanm6@shutterfly.com,5,2019-07-17,17:30:57
8c1fad5ce0dab8908dee527f88697ce2,lchantrellm7@slideshare.net,5,2019-12-27,21:05:48
f5ae6143fa79ba55deb5e9e720b4c681,cblancm8@ft.com,3,2019-08-16,2:57:46
f5ae6143fa79ba55deb5e9e720b4c681,cdibbm9@amazon.co.uk,2,2019-12-07,2:22:32
c593d7fd658f9ff5bc0c1aee2e9c917e,dadrainma@ox.ac.uk,5,2020-01-05,22:13:34
59c641a72b495d522a7932145d6c02b3,cjeavonsmb@sogou.com,2,2020-01-17,17:24:33
50e3e579db0eef68a893b76b8199cf81,chillabymc@hp.com,5,2020-03-27,23:37:15
0cdccbb0c544e4909e1b4716f52f2280,pwhiskinmd@joomla.org,1,2019-07-17,6:15:20
9d3f203c5a8a124ec5a1b21fe3ad1842,lmcilhaggame@usgs.gov,5,2019-11-12,3:48:54
c593d7fd658f9ff5bc0c1aee2e9c917e,rwilderspoonmf@xinhuanet.com,4,2020-04-14,16:44:13
fe612cc9179e038f97816fce891022a6,wwolfemg@hatena.ne.jp,3,2019-10-28,22:38:53
9d3f203c5a8a124ec5a1b21fe3ad1842,ewinmillmh@guardian.co.uk,3,2019-09-30,14:56:30
9d3f203c5a8a124ec5a1b21fe3ad1842,zkeijsermi@hexun.com,1,2020-04-20,10:19:33
d564abb00bb146ff75c7ed2d9b48aadc,sguyonmj@wordpress.org,1,2020-04-02,23:38:33
2b48856a1e68b1deaae63aa0eea7b7e9,dnellmk@usgs.gov,4,2019-11-15,19:36:48
50e3e579db0eef68a893b76b8199cf81,mablottml@barnesandnoble.com,3,2019-08-26,3:33:19
0cdccbb0c544e4909e1b4716f52f2280,aneilandmm@jiathis.com,4,2020-02-19,23:21:28
f5ae6143fa79ba55deb5e9e720b4c681,tellingsmn@barnesandnoble.com,1,2019-10-24,19:28:08
d564abb00bb146ff75c7ed2d9b48aadc,rwindrossmo@japanpost.jp,3,2019-11-18,20:17:31
6e67b6ad4cc6b420fe86fb975925fb32,bbullanmp@fastcompany.com,1,2020-01-18,7:11:10
8d2005ec35280deb6a438dc87b225f89,cfinlatormq@live.com,3,2019-07-18,13:37:58
8c1fad5ce0dab8908dee527f88697ce2,bkendredmr@prlog.org,5,2019-06-22,14:14:26
c8a830e0143916293557b7276958ac48,fturtonms@photobucket.com,5,2019-12-15,9:36:07
fa2133f1e5a865a5a5044777824fe147,cvasilicmt@tripod.com,1,2019-06-13,11:10:49
5be32167a2dcc08470287a6029b7e4c5,ndunanmu@cornell.edu,2,2019-08-11,19:24:50
50e3e579db0eef68a893b76b8199cf81,fhaddletonmv@so-net.ne.jp,1,2019-09-29,3:32:07
2b48856a1e68b1deaae63aa0eea7b7e9,lgalifordmw@go.com,1,2020-02-26,14:35:08
5be32167a2dcc08470287a6029b7e4c5,abenechmx@yellowbook.com,3,2019-05-30,9:10:48
5be32167a2dcc08470287a6029b7e4c5,bsabbertonmy@hhs.gov,5,2020-01-13,18:30:46
b3072cd11f40eb57fd259555264476c6,scordellmz@shop-pro.jp,2,2019-08-02,17:20:56
8d2005ec35280deb6a438dc87b225f89,uleedesn0@deviantart.com,1,2019-11-20,2:17:32
9d3f203c5a8a124ec5a1b21fe3ad1842,cberzenn1@usnews.com,4,2020-02-20,5:04:12
6e67b6ad4cc6b420fe86fb975925fb32,paimen2@businesswire.com,5,2019-11-12,6:32:46
c593d7fd658f9ff5bc0c1aee2e9c917e,dablen3@house.gov,3,2019-09-08,11:58:43
50e3e579db0eef68a893b76b8199cf81,mfatschern4@pbs.org,1,2019-11-24,20:11:49
fa2133f1e5a865a5a5044777824fe147,mmcaughtrien5@booking.com,5,2020-02-29,3:28:06
b3072cd11f40eb57fd259555264476c6,kmaccolln6@symantec.com,3,2019-10-31,8:05:31
fe612cc9179e038f97816fce891022a6,smcilhaggan7@about.com,4,2019-12-11,21:04:55
b3072cd11f40eb57fd259555264476c6,icawtherayn8@uol.com.br,3,2020-05-11,6:12:26
4adc9fee977fa04c357ed4c9b52aa3cc,gtinglen9@tmall.com,2,2019-11-18,12:42:56
50e3e579db0eef68a893b76b8199cf81,grufna@ucla.edu,1,2019-07-14,12:00:04
59c641a72b495d522a7932145d6c02b3,iespositanb@ihg.com,2,2019-07-31,13:10:33
4adc9fee977fa04c357ed4c9b52aa3cc,wmuffnc@desdev.cn,2,2020-02-11,2:16:14
586938c5a53d9b916498a893248a5da3,bflahivend@discovery.com,3,2020-05-08,10:19:00
6e67b6ad4cc6b420fe86fb975925fb32,jsoutheranne@blogtalkradio.com,4,2019-08-08,15:58:54
5be32167a2dcc08470287a6029b7e4c5,bwarbeysnf@reverbnation.com,2,2019-06-08,21:54:38
fe612cc9179e038f97816fce891022a6,jsorensenng@weebly.com,4,2020-01-17,9:17:44
fa2133f1e5a865a5a5044777824fe147,eplankenh@netvibes.com,2,2020-05-20,17:06:12
fe612cc9179e038f97816fce891022a6,clongstreetni@livejournal.com,2,2019-12-22,14:00:10
c8a830e0143916293557b7276958ac48,bbouettenj@nbcnews.com,1,2019-11-29,9:26:26
59c641a72b495d522a7932145d6c02b3,djanmannk@blogs.com,3,2020-02-07,10:49:01
f5ae6143fa79ba55deb5e9e720b4c681,usherelnl@163.com,5,2019-06-14,20:03:30
fa2133f1e5a865a5a5044777824fe147,cwoloschinskinm@bravesites.com,4,2020-03-04,7:24:22
50e3e579db0eef68a893b76b8199cf81,mparchmentnn@yolasite.com,2,2019-12-21,7:43:20
586938c5a53d9b916498a893248a5da3,jbatchno@github.io,1,2019-06-25,23:51:51
8d2005ec35280deb6a438dc87b225f89,pcullinnp@jalbum.net,1,2019-09-22,16:24:35
f5ae6143fa79ba55deb5e9e720b4c681,ddunkirknq@huffingtonpost.com,2,2020-02-28,8:39:51
d227f2faf6ec185e54436d86463f499b,pyabsleynr@homestead.com,4,2020-04-26,7:53:10
fe612cc9179e038f97816fce891022a6,mcrichns@ftc.gov,2,2020-01-12,8:27:10
f5ae6143fa79ba55deb5e9e720b4c681,bannandalent@123-reg.co.uk,4,2020-04-08,17:17:53
09704782c2fd58e9198a4cc8f04e30d0,dthorntondewhirstnu@elegantthemes.com,1,2020-03-26,8:28:07
09704782c2fd58e9198a4cc8f04e30d0,eroebottomnv@behance.net,5,2019-12-11,11:02:30
0cdccbb0c544e4909e1b4716f52f2280,cgirardeynw@last.fm,5,2020-02-15,0:51:45
d564abb00bb146ff75c7ed2d9b48aadc,baujeannx@timesonline.co.uk,5,2019-05-25,3:47:41
586938c5a53d9b916498a893248a5da3,ncalowny@hao123.com,4,2020-03-27,10:50:01
8d2005ec35280deb6a438dc87b225f89,iragatenz@tinypic.com,3,2020-05-06,12:22:00
c8a830e0143916293557b7276958ac48,rwinkso0@hatena.ne.jp,5,2019-07-11,12:26:31
d564abb00bb146ff75c7ed2d9b48aadc,iskitralo1@drupal.org,5,2019-12-15,12:42:15
fa2133f1e5a865a5a5044777824fe147,acowleso2@go.com,4,2020-05-02,1:10:52
2b48856a1e68b1deaae63aa0eea7b7e9,dellaro3@topsy.com,2,2019-12-26,9:09:24
d227f2faf6ec185e54436d86463f499b,vsmyeo4@miitbeian.gov.cn,3,2020-02-12,5:27:57
9d3f203c5a8a124ec5a1b21fe3ad1842,dtuffieldo5@cafepress.com,5,2020-02-29,7:05:06
59c641a72b495d522a7932145d6c02b3,klupsono6@mlb.com,5,2019-07-09,2:51:14
d227f2faf6ec185e54436d86463f499b,taprilo7@homestead.com,3,2020-02-27,3:55:22
fe612cc9179e038f97816fce891022a6,iboumphreyo8@xing.com,4,2020-03-21,11:39:50
8d2005ec35280deb6a438dc87b225f89,ccarslawo9@gizmodo.com,1,2020-01-15,5:02:32
4adc9fee977fa04c357ed4c9b52aa3cc,rlynaghoa@paypal.com,5,2019-08-06,23:09:48
c593d7fd658f9ff5bc0c1aee2e9c917e,cohartaganob@slate.com,5,2019-09-27,12:32:53
f5ae6143fa79ba55deb5e9e720b4c681,emciveroc@msu.edu,1,2020-05-17,23:04:14
8c1fad5ce0dab8908dee527f88697ce2,shartrickod@hud.gov,5,2020-02-11,1:51:28
d227f2faf6ec185e54436d86463f499b,nmcvityoe@berkeley.edu,3,2020-03-29,21:44:02
b3072cd11f40eb57fd259555264476c6,lloxlyof@twitpic.com,2,2019-06-18,17:45:50
c593d7fd658f9ff5bc0c1aee2e9c917e,bseebrightog@gov.uk,5,2020-04-01,4:43:43
9d3f203c5a8a124ec5a1b21fe3ad1842,mheffernonoh@vk.com,3,2020-01-12,2:29:50
fa2133f1e5a865a5a5044777824fe147,sledramoi@godaddy.com,1,2019-10-02,17:46:21
9d3f203c5a8a124ec5a1b21fe3ad1842,bashelfordoj@vkontakte.ru,1,2019-08-15,15:13:33
8c1fad5ce0dab8908dee527f88697ce2,wkippinok@oakley.com,2,2020-05-23,6:08:12
8c1fad5ce0dab8908dee527f88697ce2,yspallsol@tamu.edu,4,2019-07-31,23:22:21
4adc9fee977fa04c357ed4c9b52aa3cc,hkynastoneom@meetup.com,2,2019-07-29,11:43:56
2b48856a1e68b1deaae63aa0eea7b7e9,umcgeachieon@ted.com,5,2019-07-27,13:14:56
d227f2faf6ec185e54436d86463f499b,chuckelloo@yale.edu,5,2019-07-04,17:16:39
4adc9fee977fa04c357ed4c9b52aa3cc,bleballop@google.pl,3,2019-07-17,6:11:52
c8a830e0143916293557b7276958ac48,fweineroq@msn.com,3,2019-11-14,3:52:43
09704782c2fd58e9198a4cc8f04e30d0,ppenvardenor@geocities.com,3,2019-11-23,17:17:29
d227f2faf6ec185e54436d86463f499b,tlangfieldos@de.vu,4,2019-12-15,14:18:57
b3072cd11f40eb57fd259555264476c6,mcullenot@sogou.com,3,2019-12-30,14:05:39
c8a830e0143916293557b7276958ac48,linkpenou@barnesandnoble.com,1,2020-04-04,20:18:17
50e3e579db0eef68a893b76b8199cf81,mbridgesov@free.fr,3,2019-08-08,9:43:47
0cdccbb0c544e4909e1b4716f52f2280,yaspeyow@surveymonkey.com,3,2020-05-23,2:24:42
4adc9fee977fa04c357ed4c9b52aa3cc,cduckworthox@people.com.cn,3,2020-03-17,15:09:03
8c1fad5ce0dab8908dee527f88697ce2,wmeneeroy@gnu.org,3,2019-06-30,23:00:45
fa2133f1e5a865a5a5044777824fe147,mmckmurrieoz@typepad.com,4,2019-09-25,9:10:28
6e67b6ad4cc6b420fe86fb975925fb32,gpiddlehintonp0@slashdot.org,4,2020-05-07,10:45:05
b3072cd11f40eb57fd259555264476c6,dpixtonp1@constantcontact.com,2,2020-04-15,11:19:38
4adc9fee977fa04c357ed4c9b52aa3cc,rsaggersp2@meetup.com,4,2020-05-03,7:05:39
59c641a72b495d522a7932145d6c02b3,dcheesleyp3@state.gov,3,2019-09-01,19:11:54
6e67b6ad4cc6b420fe86fb975925fb32,wtipplerp4@state.tx.us,2,2020-02-18,5:00:21
8d2005ec35280deb6a438dc87b225f89,smcguanep5@unesco.org,2,2020-02-08,15:21:36
fa2133f1e5a865a5a5044777824fe147,mrolancep6@about.me,2,2019-09-18,13:33:02
9d3f203c5a8a124ec5a1b21fe3ad1842,csolwayp7@fda.gov,2,2020-01-15,4:21:28
5be32167a2dcc08470287a6029b7e4c5,dalsinap8@ft.com,4,2019-07-15,16:04:43
c8a830e0143916293557b7276958ac48,mskamalp9@alexa.com,3,2020-02-15,14:12:28
4adc9fee977fa04c357ed4c9b52aa3cc,bpycockpa@tiny.cc,3,2020-01-21,18:46:18
b3072cd11f40eb57fd259555264476c6,fdonnellanpb@theguardian.com,3,2020-05-13,15:20:28
f5ae6143fa79ba55deb5e9e720b4c681,gcrebottpc@foxnews.com,2,2019-10-23,16:52:50
586938c5a53d9b916498a893248a5da3,eottawellpd@zimbio.com,1,2019-05-25,23:56:02
2b48856a1e68b1deaae63aa0eea7b7e9,ebailespe@aboutads.info,1,2019-10-22,10:09:38
b3072cd11f40eb57fd259555264476c6,amoypf@guardian.co.uk,3,2019-10-08,18:54:30
d564abb00bb146ff75c7ed2d9b48aadc,cdykespg@nationalgeographic.com,1,2019-06-25,4:04:19
f5ae6143fa79ba55deb5e9e720b4c681,htrehearneph@theglobeandmail.com,4,2020-01-23,15:57:32
c593d7fd658f9ff5bc0c1aee2e9c917e,rwadelinpi@acquirethisname.com,2,2019-10-02,9:45:53
9d3f203c5a8a124ec5a1b21fe3ad1842,lsteinorpj@ucsd.edu,2,2020-03-23,0:09:14
d227f2faf6ec185e54436d86463f499b,gniccolspk@bloglovin.com,5,2019-07-27,0:34:16
6e67b6ad4cc6b420fe86fb975925fb32,rdaltreypl@java.com,4,2019-10-18,17:03:22
fa2133f1e5a865a5a5044777824fe147,rmulcockpm@phoca.cz,2,2020-02-21,17:04:14
50e3e579db0eef68a893b76b8199cf81,zlefevrepn@chronoengine.com,2,2019-11-14,19:24:15
50e3e579db0eef68a893b76b8199cf81,alantiffepo@ask.com,3,2019-08-13,18:46:55
9d3f203c5a8a124ec5a1b21fe3ad1842,omaylampp@apple.com,5,2019-08-28,1:24:50
d227f2faf6ec185e54436d86463f499b,gcayleypq@devhub.com,2,2019-08-21,19:56:09
f5ae6143fa79ba55deb5e9e720b4c681,vspirespr@go.com,3,2019-12-15,20:27:32
50e3e579db0eef68a893b76b8199cf81,ckevernps@wikipedia.org,4,2020-02-13,21:25:12
09704782c2fd58e9198a4cc8f04e30d0,smccoypt@comsenz.com,1,2020-03-11,2:52:04
0cdccbb0c544e4909e1b4716f52f2280,jsifflettpu@nasa.gov,2,2019-09-10,6:46:12
8c1fad5ce0dab8908dee527f88697ce2,tmeritpv@ibm.com,1,2019-09-22,7:56:15
c593d7fd658f9ff5bc0c1aee2e9c917e,fmcveaghpw@google.fr,2,2019-11-21,17:56:54
8d2005ec35280deb6a438dc87b225f89,crountreepx@dailymotion.com,2,2020-01-13,20:15:35
f5ae6143fa79ba55deb5e9e720b4c681,ehastlerpy@walmart.com,1,2020-01-01,19:49:54
59c641a72b495d522a7932145d6c02b3,msyrattpz@usa.gov,3,2019-10-31,14:40:29
b3072cd11f40eb57fd259555264476c6,hcopoq0@1688.com,4,2020-04-07,2:20:39
d227f2faf6ec185e54436d86463f499b,llancettq1@oaic.gov.au,3,2019-09-07,19:04:07
4adc9fee977fa04c357ed4c9b52aa3cc,jflaxmanq2@cargocollective.com,3,2020-03-15,11:38:37
c593d7fd658f9ff5bc0c1aee2e9c917e,ctweedleq3@census.gov,1,2020-04-10,5:09:57
d564abb00bb146ff75c7ed2d9b48aadc,jbryantq4@tmall.com,5,2020-02-09,9:20:25
5be32167a2dcc08470287a6029b7e4c5,blummq5@wordpress.org,5,2019-05-26,22:39:38
09704782c2fd58e9198a4cc8f04e30d0,ftiltq6@1688.com,1,2020-01-28,9:55:20
fa2133f1e5a865a5a5044777824fe147,lfeldkleinq7@i2i.jp,2,2020-02-01,19:00:32
fe612cc9179e038f97816fce891022a6,sfilesq8@sfgate.com,2,2019-07-12,10:33:55
d227f2faf6ec185e54436d86463f499b,ssantryq9@alibaba.com,3,2019-09-29,1:22:29
fe612cc9179e038f97816fce891022a6,cgrimmertqa@skyrock.com,4,2019-07-07,9:31:24
586938c5a53d9b916498a893248a5da3,kcrichmereqb@un.org,1,2020-01-08,13:17:18
d227f2faf6ec185e54436d86463f499b,cbarkasqc@drupal.org,3,2019-08-29,6:01:34
c8a830e0143916293557b7276958ac48,ltommeiqd@si.edu,5,2020-02-10,1:02:10
fa2133f1e5a865a5a5044777824fe147,kwoolfqe@auda.org.au,4,2019-08-09,11:36:12
0cdccbb0c544e4909e1b4716f52f2280,afransemaiqf@slate.com,5,2020-01-20,22:49:33
586938c5a53d9b916498a893248a5da3,jcawsqg@macromedia.com,4,2019-07-04,23:21:16
2b48856a1e68b1deaae63aa0eea7b7e9,gbenoitonqh@mashable.com,1,2020-03-15,23:41:02
4adc9fee977fa04c357ed4c9b52aa3cc,mburmasterqi@nps.gov,4,2020-02-23,6:50:55
8c1fad5ce0dab8908dee527f88697ce2,ewippermannqj@istockphoto.com,4,2019-08-03,16:47:25
0cdccbb0c544e4909e1b4716f52f2280,dsimpoleqk@aol.com,1,2019-12-09,12:18:36
8c1fad5ce0dab8908dee527f88697ce2,mmaylorql@hud.gov,1,2019-06-01,9:18:36
8c1fad5ce0dab8908dee527f88697ce2,gpattinsonqm@tinypic.com,1,2019-10-20,4:09:54
d227f2faf6ec185e54436d86463f499b,ahillettqn@icq.com,1,2019-09-02,7:32:04
d227f2faf6ec185e54436d86463f499b,borrqo@lulu.com,3,2019-06-22,20:30:23
d227f2faf6ec185e54436d86463f499b,kshuxsmithqp@typepad.com,3,2019-09-12,4:50:56
586938c5a53d9b916498a893248a5da3,cslarkqq@vistaprint.com,4,2019-10-24,21:58:23
d564abb00bb146ff75c7ed2d9b48aadc,tplumeqr@army.mil,4,2020-02-26,5:44:45
d564abb00bb146ff75c7ed2d9b48aadc,fcatonqs@tinyurl.com,2,2020-04-17,17:03:49
fa2133f1e5a865a5a5044777824fe147,tkenchqt@comcast.net,2,2019-10-19,3:44:23
8c1fad5ce0dab8908dee527f88697ce2,mmorrantqu@fastcompany.com,2,2020-03-27,20:59:37
fa2133f1e5a865a5a5044777824fe147,gvedntyevqv@reverbnation.com,4,2019-11-22,1:02:48
4adc9fee977fa04c357ed4c9b52aa3cc,nhenriqueqw@mit.edu,3,2019-12-21,0:26:12
6e67b6ad4cc6b420fe86fb975925fb32,bhowlingqx@blinklist.com,5,2020-01-11,5:07:37
09704782c2fd58e9198a4cc8f04e30d0,mprittyqy@topsy.com,5,2019-09-27,21:56:19
6e67b6ad4cc6b420fe86fb975925fb32,ablunnqz@eepurl.com,2,2020-05-12,2:23:02
9d3f203c5a8a124ec5a1b21fe3ad1842,kplowsr0@dot.gov,3,2020-01-15,5:19:47
0cdccbb0c544e4909e1b4716f52f2280,sfareyr1@walmart.com,5,2020-04-25,7:08:11
d564abb00bb146ff75c7ed2d9b48aadc,ngeever2@posterous.com,1,2019-09-11,11:07:18
9d3f203c5a8a124ec5a1b21fe3ad1842,rfilimorer3@arizona.edu,1,2019-06-11,5:32:24
b3072cd11f40eb57fd259555264476c6,ggrigsonr4@prweb.com,3,2020-03-23,9:23:50
586938c5a53d9b916498a893248a5da3,cendr5@arstechnica.com,4,2019-09-29,8:10:50
c8a830e0143916293557b7276958ac48,cchazerandr6@toplist.cz,2,2019-08-29,23:43:45
0cdccbb0c544e4909e1b4716f52f2280,cwitherupr7@yahoo.co.jp,1,2019-07-07,6:57:47
d227f2faf6ec185e54436d86463f499b,bjeramsr8@youku.com,5,2019-07-12,11:58:04
2b48856a1e68b1deaae63aa0eea7b7e9,damsbergerr9@pagesperso-orange.fr,4,2020-03-05,17:36:39
6e67b6ad4cc6b420fe86fb975925fb32,awoolwayra@icio.us,3,2020-02-11,15:40:03
fa2133f1e5a865a5a5044777824fe147,skissockrb@trellian.com,3,2019-11-15,6:24:32
50e3e579db0eef68a893b76b8199cf81,adumbarrc@thetimes.co.uk,2,2019-08-01,16:11:47
f5ae6143fa79ba55deb5e9e720b4c681,akennettrd@comcast.net,4,2019-07-28,4:10:01
b3072cd11f40eb57fd259555264476c6,tjedrachowiczre@meetup.com,1,2020-05-16,12:05:18
0cdccbb0c544e4909e1b4716f52f2280,ecassedyrf@shareasale.com,1,2019-06-16,4:12:49
2b48856a1e68b1deaae63aa0eea7b7e9,baskawrg@feedburner.com,2,2019-07-20,2:32:17
d227f2faf6ec185e54436d86463f499b,phuggardrh@wikimedia.org,1,2019-07-10,7:37:58
2b48856a1e68b1deaae63aa0eea7b7e9,dscowcraftri@sogou.com,5,2020-04-08,10:55:41
2b48856a1e68b1deaae63aa0eea7b7e9,aleynaghrj@elegantthemes.com,4,2019-08-15,13:32:52
09704782c2fd58e9198a4cc8f04e30d0,jfanthomerk@yellowpages.com,3,2020-04-21,21:45:06
09704782c2fd58e9198a4cc8f04e30d0,bkohterrl@meetup.com,4,2019-07-17,16:48:26
5be32167a2dcc08470287a6029b7e4c5,pdinsmorerm@buzzfeed.com,3,2019-07-30,15:22:59
fe612cc9179e038f97816fce891022a6,rvanderlindern@over-blog.com,1,2019-09-05,14:21:26
f5ae6143fa79ba55deb5e9e720b4c681,wgilleyro@amazon.co.jp,3,2019-08-28,5:14:46
09704782c2fd58e9198a4cc8f04e30d0,babbessrp@indiatimes.com,3,2019-11-20,14:30:50
09704782c2fd58e9198a4cc8f04e30d0,hdopplerrq@unicef.org,1,2019-09-20,11:10:53
c8a830e0143916293557b7276958ac48,rtumilityrr@ning.com,1,2020-05-17,6:27:17
